usa_match_date,utc_start_time,status,home_team_id,home_team,away_team_id,away_team,home_team_score,away_team_score
2023-08-03,2023-08-04T00:00Z,Final,5,Cleveland Browns,20,New York Jets,21,16
2023-08-10,2023-08-10T23:00Z,Final,17,New England Patriots,34,Houston Texans,9,20
2023-08-10,2023-08-11T02:00Z,Final,26,Seattle Seahawks,16,Minnesota Vikings,24,13
2023-08-11,2023-08-11T23:00Z,Final,4,Cincinnati Bengals,9,Green Bay Packers,19,36
2023-08-11,2023-08-11T23:00Z,Final,8,Detroit Lions,19,New York Giants,21,16
2023-08-11,2023-08-11T23:00Z,Final,15,Miami Dolphins,1,Atlanta Falcons,3,19
2023-08-11,2023-08-11T23:00Z,Final,27,Tampa Bay Buccaneers,23,Pittsburgh Steelers,17,27
2023-08-11,2023-08-11T23:30Z,Final,5,Cleveland Browns,28,Washington Commanders,15,17
2023-08-11,2023-08-12T02:00Z,Final,22,Arizona Cardinals,7,Denver Broncos,18,17
2023-08-12,2023-08-12T17:00Z,Final,2,Buffalo Bills,11,Indianapolis Colts,23,19
2023-08-12,2023-08-12T17:00Z,Final,3,Chicago Bears,10,Tennessee Titans,23,17
2023-08-12,2023-08-12T20:00Z,Final,29,Carolina Panthers,20,New York Jets,0,27
2023-08-12,2023-08-12T21:00Z,Final,6,Dallas Cowboys,30,Jacksonville Jaguars,23,28
2023-08-12,2023-08-12T23:00Z,Final,33,Baltimore Ravens,21,Philadelphia Eagles,20,19
2023-08-12,2023-08-13T01:00Z,Final,14,Los Angeles Rams,24,Los Angeles Chargers,17,34
2023-08-13,2023-08-13T17:00Z,Final,18,New Orleans Saints,12,Kansas City Chiefs,26,24
2023-08-13,2023-08-13T20:00Z,Final,13,Las Vegas Raiders,25,San Francisco 49ers,34,7
2023-08-17,2023-08-17T23:30Z,Final,21,Philadelphia Eagles,5,Cleveland Browns,18,18
2023-08-18,2023-08-18T23:00Z,Final,19,New York Giants,29,Carolina Panthers,21,19
2023-08-18,2023-08-18T23:30Z,Final,1,Atlanta Falcons,4,Cincinnati Bengals,13,13
2023-08-19,2023-08-19T17:00Z,Final,8,Detroit Lions,30,Jacksonville Jaguars,7,25
2023-08-19,2023-08-19T20:00Z,Final,34,Houston Texans,15,Miami Dolphins,3,28
2023-08-19,2023-08-19T22:30Z,Final,23,Pittsburgh Steelers,2,Buffalo Bills,27,15
2023-08-19,2023-08-19T23:00Z,Final,11,Indianapolis Colts,3,Chicago Bears,24,17
2023-08-19,2023-08-19T23:30Z,Final,20,New York Jets,27,Tampa Bay Buccaneers,6,13
2023-08-19,2023-08-20T00:00Z,Final,9,Green Bay Packers,17,New England Patriots,17,21
2023-08-19,2023-08-20T00:00Z,Final,16,Minnesota Vikings,10,Tennessee Titans,16,24
2023-08-19,2023-08-20T00:00Z,Final,22,Arizona Cardinals,12,Kansas City Chiefs,10,38
2023-08-19,2023-08-20T00:30Z,Final,25,San Francisco 49ers,7,Denver Broncos,21,20
2023-08-19,2023-08-20T01:00Z,Final,14,Los Angeles Rams,13,Las Vegas Raiders,17,34
2023-08-19,2023-08-20T02:00Z,Final,26,Seattle Seahawks,6,Dallas Cowboys,22,14
2023-08-20,2023-08-20T23:05Z,Final,24,Los Angeles Chargers,18,New Orleans Saints,17,22
2023-08-21,2023-08-22T00:00Z,Final,28,Washington Commanders,33,Baltimore Ravens,29,28
2023-08-24,2023-08-24T23:30Z,Final,1,Atlanta Falcons,23,Pittsburgh Steelers,0,24
2023-08-24,2023-08-25T00:00Z,Final,21,Philadelphia Eagles,11,Indianapolis Colts,13,27
2023-08-25,2023-08-26T00:00Z,Final,29,Carolina Panthers,8,Detroit Lions,17,26
2023-08-25,2023-08-26T00:15Z,Final,10,Tennessee Titans,17,New England Patriots,23,7
2023-08-25,2023-08-26T02:00Z,Final,25,San Francisco 49ers,24,Los Angeles Chargers,12,23
2023-08-26,2023-08-26T17:00Z,Final,3,Chicago Bears,2,Buffalo Bills,21,24
2023-08-26,2023-08-26T17:00Z,Final,9,Green Bay Packers,26,Seattle Seahawks,19,15
2023-08-26,2023-08-26T17:00Z,Final,12,Kansas City Chiefs,5,Cleveland Browns,33,32
2023-08-26,2023-08-26T17:00Z,Final,16,Minnesota Vikings,22,Arizona Cardinals,17,18
2023-08-26,2023-08-26T22:00Z,Final,19,New York Giants,20,New York Jets,24,32
2023-08-26,2023-08-26T22:05Z,Final,28,Washington Commanders,4,Cincinnati Bengals,21,19
2023-08-26,2023-08-26T23:00Z,Final,27,Tampa Bay Buccaneers,33,Baltimore Ravens,26,20
2023-08-26,2023-08-26T23:00Z,Final,30,Jacksonville Jaguars,15,Miami Dolphins,31,18
2023-08-26,2023-08-27T00:00Z,Final,6,Dallas Cowboys,13,Las Vegas Raiders,31,16
2023-08-26,2023-08-27T01:00Z,Final,7,Denver Broncos,14,Los Angeles Rams,41,0
2023-08-27,2023-08-28T00:00Z,Final,18,New Orleans Saints,34,Houston Texans,13,17
2023-09-07,2023-09-08T00:20Z,Final,12,Kansas City Chiefs,8,Detroit Lions,20,21
2023-09-10,2023-09-10T17:00Z,Final,1,Atlanta Falcons,29,Carolina Panthers,24,10
2023-09-10,2023-09-10T17:00Z,Final,5,Cleveland Browns,4,Cincinnati Bengals,24,3
2023-09-10,2023-09-10T17:00Z,Final,11,Indianapolis Colts,30,Jacksonville Jaguars,21,31
2023-09-10,2023-09-10T17:00Z,Final,16,Minnesota Vikings,27,Tampa Bay Buccaneers,17,20
2023-09-10,2023-09-10T17:00Z,Final,18,New Orleans Saints,10,Tennessee Titans,16,15
2023-09-10,2023-09-10T17:00Z,Final,23,Pittsburgh Steelers,25,San Francisco 49ers,7,30
2023-09-10,2023-09-10T17:00Z,Final,28,Washington Commanders,22,Arizona Cardinals,20,16
2023-09-10,2023-09-10T17:00Z,Final,33,Baltimore Ravens,34,Houston Texans,25,9
2023-09-10,2023-09-10T20:25Z,Final,3,Chicago Bears,9,Green Bay Packers,20,38
2023-09-10,2023-09-10T20:25Z,Final,7,Denver Broncos,13,Las Vegas Raiders,16,17
2023-09-10,2023-09-10T20:25Z,Final,17,New England Patriots,21,Philadelphia Eagles,20,25
2023-09-10,2023-09-10T20:25Z,Final,24,Los Angeles Chargers,15,Miami Dolphins,34,36
2023-09-10,2023-09-10T20:25Z,Final,26,Seattle Seahawks,14,Los Angeles Rams,13,30
2023-09-10,2023-09-11T00:20Z,Final,19,New York Giants,6,Dallas Cowboys,0,40
2023-09-11,2023-09-12T00:15Z,Final,20,New York Jets,2,Buffalo Bills,22,16
2023-09-14,2023-09-15T00:15Z,Final,21,Philadelphia Eagles,16,Minnesota Vikings,34,28
2023-09-17,2023-09-17T17:00Z,Final,1,Atlanta Falcons,9,Green Bay Packers,25,24
2023-09-17,2023-09-17T17:00Z,Final,2,Buffalo Bills,13,Las Vegas Raiders,38,10
2023-09-17,2023-09-17T17:00Z,Final,4,Cincinnati Bengals,33,Baltimore Ravens,24,27
2023-09-17,2023-09-17T17:00Z,Final,8,Detroit Lions,26,Seattle Seahawks,31,37
2023-09-17,2023-09-17T17:00Z,Final,10,Tennessee Titans,24,Los Angeles Chargers,27,24
2023-09-17,2023-09-17T17:00Z,Final,27,Tampa Bay Buccaneers,3,Chicago Bears,27,17
2023-09-17,2023-09-17T17:00Z,Final,30,Jacksonville Jaguars,12,Kansas City Chiefs,9,17
2023-09-17,2023-09-17T17:00Z,Final,34,Houston Texans,11,Indianapolis Colts,20,31
2023-09-17,2023-09-17T20:05Z,Final,14,Los Angeles Rams,25,San Francisco 49ers,23,30
2023-09-17,2023-09-17T20:05Z,Final,22,Arizona Cardinals,19,New York Giants,28,31
2023-09-17,2023-09-17T20:25Z,Final,6,Dallas Cowboys,20,New York Jets,30,10
2023-09-17,2023-09-17T20:25Z,Final,7,Denver Broncos,28,Washington Commanders,33,35
2023-09-17,2023-09-18T00:20Z,Final,17,New England Patriots,15,Miami Dolphins,17,24
2023-09-18,2023-09-18T23:15Z,Final,29,Carolina Panthers,18,New Orleans Saints,17,20
2023-09-18,2023-09-19T00:15Z,Final,23,Pittsburgh Steelers,5,Cleveland Browns,26,22
2023-09-21,2023-09-22T00:15Z,Final,25,San Francisco 49ers,19,New York Giants,30,12
2023-09-24,2023-09-24T17:00Z,Final,5,Cleveland Browns,10,Tennessee Titans,27,3
2023-09-24,2023-09-24T17:00Z,Final,8,Detroit Lions,1,Atlanta Falcons,20,6
2023-09-24,2023-09-24T17:00Z,Final,9,Green Bay Packers,18,New Orleans Saints,18,17
2023-09-24,2023-09-24T17:00Z,Final,15,Miami Dolphins,7,Denver Broncos,70,20
2023-09-24,2023-09-24T17:00Z,Final,16,Minnesota Vikings,24,Los Angeles Chargers,24,28
2023-09-24,2023-09-24T17:00Z,Final,20,New York Jets,17,New England Patriots,10,15
2023-09-24,2023-09-24T17:00Z,Final,28,Washington Commanders,2,Buffalo Bills,3,37
2023-09-24,2023-09-24T17:00Z,Final,30,Jacksonville Jaguars,34,Houston Texans,17,37
2023-09-24,2023-09-24T17:00Z,Final,33,Baltimore Ravens,11,Indianapolis Colts,19,22
2023-09-24,2023-09-24T20:05Z,Final,26,Seattle Seahawks,29,Carolina Panthers,37,27
2023-09-24,2023-09-24T20:25Z,Final,12,Kansas City Chiefs,3,Chicago Bears,41,10
2023-09-24,2023-09-24T20:25Z,Final,22,Arizona Cardinals,6,Dallas Cowboys,28,16
2023-09-24,2023-09-25T00:20Z,Final,13,Las Vegas Raiders,23,Pittsburgh Steelers,18,23
2023-09-25,2023-09-25T23:15Z,Final,27,Tampa Bay Buccaneers,21,Philadelphia Eagles,11,25
2023-09-25,2023-09-26T00:15Z,Final,4,Cincinnati Bengals,14,Los Angeles Rams,19,16
2023-09-28,2023-09-29T00:15Z,Final,9,Green Bay Packers,8,Detroit Lions,20,34
2023-10-01,2023-10-01T13:30Z,Final,30,Jacksonville Jaguars,1,Atlanta Falcons,23,7
2023-10-01,2023-10-01T17:00Z,Final,2,Buffalo Bills,15,Miami Dolphins,48,20
2023-10-01,2023-10-01T17:00Z,Final,3,Chicago Bears,7,Denver Broncos,28,31
2023-10-01,2023-10-01T17:00Z,Final,5,Cleveland Browns,33,Baltimore Ravens,3,28
2023-10-01,2023-10-01T17:00Z,Final,10,Tennessee Titans,4,Cincinnati Bengals,27,3
2023-10-01,2023-10-01T17:00Z,Final,11,Indianapolis Colts,14,Los Angeles Rams,23,29
2023-10-01,2023-10-01T17:00Z,Final,18,New Orleans Saints,27,Tampa Bay Buccaneers,9,26
2023-10-01,2023-10-01T17:00Z,Final,21,Philadelphia Eagles,28,Washington Commanders,34,31
2023-10-01,2023-10-01T17:00Z,Final,29,Carolina Panthers,16,Minnesota Vikings,13,21
2023-10-01,2023-10-01T17:00Z,Final,34,Houston Texans,23,Pittsburgh Steelers,30,6
2023-10-01,2023-10-01T20:05Z,Final,24,Los Angeles Chargers,13,Las Vegas Raiders,24,17
2023-10-01,2023-10-01T20:25Z,Final,6,Dallas Cowboys,17,New England Patriots,38,3
2023-10-01,2023-10-01T20:25Z,Final,25,San Francisco 49ers,22,Arizona Cardinals,35,16
2023-10-01,2023-10-02T00:20Z,Final,20,New York Jets,12,Kansas City Chiefs,20,23
2023-10-02,2023-10-03T00:15Z,Final,19,New York Giants,26,Seattle Seahawks,3,24
2023-10-05,2023-10-06T00:15Z,Final,28,Washington Commanders,3,Chicago Bears,20,40
2023-10-08,2023-10-08T13:30Z,Final,2,Buffalo Bills,30,Jacksonville Jaguars,20,25
2023-10-08,2023-10-08T17:00Z,Final,1,Atlanta Falcons,34,Houston Texans,21,19
2023-10-08,2023-10-08T17:00Z,Final,8,Detroit Lions,29,Carolina Panthers,42,24
2023-10-08,2023-10-08T17:00Z,Final,11,Indianapolis Colts,10,Tennessee Titans,23,16
2023-10-08,2023-10-08T17:00Z,Final,15,Miami Dolphins,19,New York Giants,31,16
2023-10-08,2023-10-08T17:00Z,Final,17,New England Patriots,18,New Orleans Saints,0,34
2023-10-08,2023-10-08T17:00Z,Final,23,Pittsburgh Steelers,33,Baltimore Ravens,17,10
2023-10-08,2023-10-08T20:05Z,Final,14,Los Angeles Rams,21,Philadelphia Eagles,14,23
2023-10-08,2023-10-08T20:05Z,Final,22,Arizona Cardinals,4,Cincinnati Bengals,20,34
2023-10-08,2023-10-08T20:25Z,Final,7,Denver Broncos,20,New York Jets,21,31
2023-10-08,2023-10-08T20:25Z,Final,16,Minnesota Vikings,12,Kansas City Chiefs,20,27
2023-10-08,2023-10-09T00:20Z,Final,25,San Francisco 49ers,6,Dallas Cowboys,42,10
2023-10-09,2023-10-10T00:15Z,Final,13,Las Vegas Raiders,9,Green Bay Packers,17,13
2023-10-12,2023-10-13T00:15Z,Final,12,Kansas City Chiefs,7,Denver Broncos,19,8
2023-10-15,2023-10-15T13:30Z,Final,10,Tennessee Titans,33,Baltimore Ravens,16,24
2023-10-15,2023-10-15T17:00Z,Final,1,Atlanta Falcons,28,Washington Commanders,16,24
2023-10-15,2023-10-15T17:00Z,Final,3,Chicago Bears,16,Minnesota Vikings,13,19
2023-10-15,2023-10-15T17:00Z,Final,4,Cincinnati Bengals,26,Seattle Seahawks,17,13
2023-10-15,2023-10-15T17:00Z,Final,5,Cleveland Browns,25,San Francisco 49ers,19,17
2023-10-15,2023-10-15T17:00Z,Final,15,Miami Dolphins,29,Carolina Panthers,42,21
2023-10-15,2023-10-15T17:00Z,Final,30,Jacksonville Jaguars,11,Indianapolis Colts,37,20
2023-10-15,2023-10-15T17:00Z,Final,34,Houston Texans,18,New Orleans Saints,20,13
2023-10-15,2023-10-15T20:05Z,Final,13,Las Vegas Raiders,17,New England Patriots,21,17
2023-10-15,2023-10-15T20:25Z,Final,14,Los Angeles Rams,22,Arizona Cardinals,26,9
2023-10-15,2023-10-15T20:25Z,Final,20,New York Jets,21,Philadelphia Eagles,20,14
2023-10-15,2023-10-15T20:25Z,Final,27,Tampa Bay Buccaneers,8,Detroit Lions,6,20
2023-10-15,2023-10-16T00:20Z,Final,2,Buffalo Bills,19,New York Giants,14,9
2023-10-16,2023-10-17T00:15Z,Final,24,Los Angeles Chargers,6,Dallas Cowboys,17,20
2023-10-19,2023-10-20T00:15Z,Final,18,New Orleans Saints,30,Jacksonville Jaguars,24,31
2023-10-22,2023-10-22T17:00Z,Final,3,Chicago Bears,13,Las Vegas Raiders,30,12
2023-10-22,2023-10-22T17:00Z,Final,11,Indianapolis Colts,5,Cleveland Browns,38,39
2023-10-22,2023-10-22T17:00Z,Final,17,New England Patriots,2,Buffalo Bills,29,25
2023-10-22,2023-10-22T17:00Z,Final,19,New York Giants,28,Washington Commanders,14,7
2023-10-22,2023-10-22T17:00Z,Final,27,Tampa Bay Buccaneers,1,Atlanta Falcons,13,16
2023-10-22,2023-10-22T17:00Z,Final,33,Baltimore Ravens,8,Detroit Lions,38,6
2023-10-22,2023-10-22T20:05Z,Final,14,Los Angeles Rams,23,Pittsburgh Steelers,17,24
2023-10-22,2023-10-22T20:05Z,Final,26,Seattle Seahawks,22,Arizona Cardinals,20,10
2023-10-22,2023-10-22T20:25Z,Final,7,Denver Broncos,9,Green Bay Packers,19,17
2023-10-22,2023-10-22T20:25Z,Final,12,Kansas City Chiefs,24,Los Angeles Chargers,31,17
2023-10-22,2023-10-23T00:20Z,Final,21,Philadelphia Eagles,15,Miami Dolphins,31,17
2023-10-23,2023-10-24T00:15Z,Final,16,Minnesota Vikings,25,San Francisco 49ers,22,17
2023-10-26,2023-10-27T00:15Z,Final,2,Buffalo Bills,27,Tampa Bay Buccaneers,24,18
2023-10-29,2023-10-29T17:00Z,Final,6,Dallas Cowboys,14,Los Angeles Rams,43,20
2023-10-29,2023-10-29T17:00Z,Final,9,Green Bay Packers,16,Minnesota Vikings,10,24
2023-10-29,2023-10-29T17:00Z,Final,10,Tennessee Titans,1,Atlanta Falcons,28,23
2023-10-29,2023-10-29T17:00Z,Final,11,Indianapolis Colts,18,New Orleans Saints,27,38
2023-10-29,2023-10-29T17:00Z,Final,15,Miami Dolphins,17,New England Patriots,31,17
2023-10-29,2023-10-29T17:00Z,Final,19,New York Giants,20,New York Jets,10,13
2023-10-29,2023-10-29T17:00Z,Final,23,Pittsburgh Steelers,30,Jacksonville Jaguars,10,20
2023-10-29,2023-10-29T17:00Z,Final,28,Washington Commanders,21,Philadelphia Eagles,31,38
2023-10-29,2023-10-29T17:00Z,Final,29,Carolina Panthers,34,Houston Texans,15,13
2023-10-29,2023-10-29T20:05Z,Final,26,Seattle Seahawks,5,Cleveland Browns,24,20
2023-10-29,2023-10-29T20:25Z,Final,7,Denver Broncos,12,Kansas City Chiefs,24,9
2023-10-29,2023-10-29T20:25Z,Final,22,Arizona Cardinals,33,Baltimore Ravens,24,31
2023-10-29,2023-10-29T20:25Z,Final,25,San Francisco 49ers,4,Cincinnati Bengals,17,31
2023-10-29,2023-10-30T00:20Z,Final,24,Los Angeles Chargers,3,Chicago Bears,30,13
2023-10-30,2023-10-31T00:15Z,Final,8,Detroit Lions,13,Las Vegas Raiders,26,14
2023-11-02,2023-11-03T00:15Z,Final,23,Pittsburgh Steelers,10,Tennessee Titans,20,16
2023-11-05,2023-11-05T14:30Z,Final,12,Kansas City Chiefs,15,Miami Dolphins,21,14
2023-11-05,2023-11-05T18:00Z,Final,1,Atlanta Falcons,16,Minnesota Vikings,28,31
2023-11-05,2023-11-05T18:00Z,Final,5,Cleveland Browns,22,Arizona Cardinals,27,0
2023-11-05,2023-11-05T18:00Z,Final,9,Green Bay Packers,14,Los Angeles Rams,20,3
2023-11-05,2023-11-05T18:00Z,Final,17,New England Patriots,28,Washington Commanders,17,20
2023-11-05,2023-11-05T18:00Z,Final,18,New Orleans Saints,3,Chicago Bears,24,17
2023-11-05,2023-11-05T18:00Z,Final,33,Baltimore Ravens,26,Seattle Seahawks,37,3
2023-11-05,2023-11-05T18:00Z,Final,34,Houston Texans,27,Tampa Bay Buccaneers,39,37
2023-11-05,2023-11-05T21:05Z,Final,29,Carolina Panthers,11,Indianapolis Colts,13,27
2023-11-05,2023-11-05T21:25Z,Final,13,Las Vegas Raiders,19,New York Giants,30,6
2023-11-05,2023-11-05T21:25Z,Final,21,Philadelphia Eagles,6,Dallas Cowboys,28,23
2023-11-05,2023-11-06T01:20Z,Final,4,Cincinnati Bengals,2,Buffalo Bills,24,18
2023-11-06,2023-11-07T01:15Z,Final,20,New York Jets,24,Los Angeles Chargers,6,27
2023-11-09,2023-11-10T01:15Z,Final,3,Chicago Bears,29,Carolina Panthers,16,13
2023-11-12,2023-11-12T14:30Z,Final,17,New England Patriots,11,Indianapolis Colts,6,10
2023-11-12,2023-11-12T18:00Z,Final,4,Cincinnati Bengals,34,Houston Texans,27,30
2023-11-12,2023-11-12T18:00Z,Final,16,Minnesota Vikings,18,New Orleans Saints,27,19
2023-11-12,2023-11-12T18:00Z,Final,23,Pittsburgh Steelers,9,Green Bay Packers,23,19
2023-11-12,2023-11-12T18:00Z,Final,27,Tampa Bay Buccaneers,10,Tennessee Titans,20,6
2023-11-12,2023-11-12T18:00Z,Final,30,Jacksonville Jaguars,25,San Francisco 49ers,3,34
2023-11-12,2023-11-12T18:00Z,Final,33,Baltimore Ravens,5,Cleveland Browns,31,33
2023-11-12,2023-11-12T21:05Z,Final,22,Arizona Cardinals,1,Atlanta Falcons,25,23
2023-11-12,2023-11-12T21:05Z,Final,24,Los Angeles Chargers,8,Detroit Lions,38,41
2023-11-12,2023-11-12T21:25Z,Final,6,Dallas Cowboys,19,New York Giants,49,17
2023-11-12,2023-11-12T21:25Z,Final,26,Seattle Seahawks,28,Washington Commanders,29,26
2023-11-12,2023-11-13T01:20Z,Final,13,Las Vegas Raiders,20,New York Jets,16,12
2023-11-13,2023-11-14T01:15Z,Final,2,Buffalo Bills,7,Denver Broncos,22,24
2023-11-16,2023-11-17T01:15Z,Final,33,Baltimore Ravens,4,Cincinnati Bengals,34,20
2023-11-19,2023-11-19T18:00Z,Final,5,Cleveland Browns,23,Pittsburgh Steelers,13,10
2023-11-19,2023-11-19T18:00Z,Final,8,Detroit Lions,3,Chicago Bears,31,26
2023-11-19,2023-11-19T18:00Z,Final,9,Green Bay Packers,24,Los Angeles Chargers,23,20
2023-11-19,2023-11-19T18:00Z,Final,15,Miami Dolphins,13,Las Vegas Raiders,20,13
2023-11-19,2023-11-19T18:00Z,Final,28,Washington Commanders,19,New York Giants,19,31
2023-11-19,2023-11-19T18:00Z,Final,29,Carolina Panthers,6,Dallas Cowboys,10,33
2023-11-19,2023-11-19T18:00Z,Final,30,Jacksonville Jaguars,10,Tennessee Titans,34,14
2023-11-19,2023-11-19T18:00Z,Final,34,Houston Texans,22,Arizona Cardinals,21,16
2023-11-19,2023-11-19T21:05Z,Final,25,San Francisco 49ers,27,Tampa Bay Buccaneers,27,14
2023-11-19,2023-11-19T21:25Z,Final,2,Buffalo Bills,20,New York Jets,32,6
2023-11-19,2023-11-19T21:25Z,Final,14,Los Angeles Rams,26,Seattle Seahawks,17,16
2023-11-19,2023-11-20T01:20Z,Final,7,Denver Broncos,16,Minnesota Vikings,21,20
2023-11-20,2023-11-21T01:15Z,Final,12,Kansas City Chiefs,21,Philadelphia Eagles,17,21
2023-11-23,2023-11-23T17:30Z,Final,8,Detroit Lions,9,Green Bay Packers,22,29
2023-11-23,2023-11-23T21:30Z,Final,6,Dallas Cowboys,28,Washington Commanders,45,10
2023-11-23,2023-11-24T01:20Z,Final,26,Seattle Seahawks,25,San Francisco 49ers,13,31
2023-11-24,2023-11-24T20:00Z,Final,20,New York Jets,15,Miami Dolphins,13,34
2023-11-26,2023-11-26T18:00Z,Final,1,Atlanta Falcons,18,New Orleans Saints,24,15
2023-11-26,2023-11-26T18:00Z,Final,4,Cincinnati Bengals,23,Pittsburgh Steelers,10,16
2023-11-26,2023-11-26T18:00Z,Final,10,Tennessee Titans,29,Carolina Panthers,17,10
2023-11-26,2023-11-26T18:00Z,Final,11,Indianapolis Colts,27,Tampa Bay Buccaneers,27,20
2023-11-26,2023-11-26T18:00Z,Final,19,New York Giants,17,New England Patriots,10,7
2023-11-26,2023-11-26T18:00Z,Final,34,Houston Texans,30,Jacksonville Jaguars,21,24
2023-11-26,2023-11-26T21:05Z,Final,7,Denver Broncos,5,Cleveland Browns,29,12
2023-11-26,2023-11-26T21:05Z,Final,22,Arizona Cardinals,14,Los Angeles Rams,14,37
2023-11-26,2023-11-26T21:25Z,Final,13,Las Vegas Raiders,12,Kansas City Chiefs,17,31
2023-11-26,2023-11-26T21:25Z,Final,21,Philadelphia Eagles,2,Buffalo Bills,37,34
2023-11-26,2023-11-27T01:20Z,Final,24,Los Angeles Chargers,33,Baltimore Ravens,10,20
2023-11-27,2023-11-28T01:15Z,Final,16,Minnesota Vikings,3,Chicago Bears,10,12
2023-11-30,2023-12-01T01:15Z,Final,6,Dallas Cowboys,26,Seattle Seahawks,41,35
2023-12-03,2023-12-03T18:00Z,Final,10,Tennessee Titans,11,Indianapolis Colts,28,31
2023-12-03,2023-12-03T18:00Z,Final,17,New England Patriots,24,Los Angeles Chargers,0,6
2023-12-03,2023-12-03T18:00Z,Final,18,New Orleans Saints,8,Detroit Lions,28,33
2023-12-03,2023-12-03T18:00Z,Final,20,New York Jets,1,Atlanta Falcons,8,13
2023-12-03,2023-12-03T18:00Z,Final,23,Pittsburgh Steelers,22,Arizona Cardinals,10,24
2023-12-03,2023-12-03T18:00Z,Final,28,Washington Commanders,15,Miami Dolphins,15,45
2023-12-03,2023-12-03T18:00Z,Final,34,Houston Texans,7,Denver Broncos,22,17
2023-12-03,2023-12-03T21:05Z,Final,27,Tampa Bay Buccaneers,29,Carolina Panthers,21,18
2023-12-03,2023-12-03T21:25Z,Final,14,Los Angeles Rams,5,Cleveland Browns,36,19
2023-12-03,2023-12-03T21:25Z,Final,21,Philadelphia Eagles,25,San Francisco 49ers,19,42
2023-12-03,2023-12-04T01:20Z,Final,9,Green Bay Packers,12,Kansas City Chiefs,27,19
2023-12-04,2023-12-05T01:15Z,Final,30,Jacksonville Jaguars,4,Cincinnati Bengals,31,34
2023-12-07,2023-12-08T01:15Z,Final,23,Pittsburgh Steelers,17,New England Patriots,18,21
2023-12-10,2023-12-10T18:00Z,Final,1,Atlanta Falcons,27,Tampa Bay Buccaneers,25,29
2023-12-10,2023-12-10T18:00Z,Final,3,Chicago Bears,8,Detroit Lions,28,13
2023-12-10,2023-12-10T18:00Z,Final,4,Cincinnati Bengals,11,Indianapolis Colts,34,14
2023-12-10,2023-12-10T18:00Z,Final,5,Cleveland Browns,30,Jacksonville Jaguars,31,27
2023-12-10,2023-12-10T18:00Z,Final,18,New Orleans Saints,29,Carolina Panthers,28,6
2023-12-10,2023-12-10T18:00Z,Final,20,New York Jets,34,Houston Texans,30,6
2023-12-10,2023-12-10T18:00Z,Final,33,Baltimore Ravens,14,Los Angeles Rams,37,31
2023-12-10,2023-12-10T21:05Z,Final,13,Las Vegas Raiders,16,Minnesota Vikings,0,3
2023-12-10,2023-12-10T21:05Z,Final,25,San Francisco 49ers,26,Seattle Seahawks,28,16
2023-12-10,2023-12-10T21:25Z,Final,12,Kansas City Chiefs,2,Buffalo Bills,17,20
2023-12-10,2023-12-10T21:25Z,Final,24,Los Angeles Chargers,7,Denver Broncos,7,24
2023-12-10,2023-12-11T01:20Z,Final,6,Dallas Cowboys,21,Philadelphia Eagles,33,13
2023-12-11,2023-12-12T01:15Z,Final,15,Miami Dolphins,10,Tennessee Titans,27,28
2023-12-11,2023-12-12T01:15Z,Final,19,New York Giants,9,Green Bay Packers,24,22
2023-12-14,2023-12-15T01:15Z,Final,13,Las Vegas Raiders,24,Los Angeles Chargers,63,21
2023-12-16,2023-12-16T18:00Z,Final,4,Cincinnati Bengals,16,Minnesota Vikings,27,24
2023-12-16,2023-12-16T21:30Z,Final,11,Indianapolis Colts,23,Pittsburgh Steelers,30,13
2023-12-16,2023-12-17T01:15Z,Final,8,Detroit Lions,7,Denver Broncos,42,17
2023-12-17,2023-12-17T18:00Z,Final,5,Cleveland Browns,3,Chicago Bears,20,17
2023-12-17,2023-12-17T18:00Z,Final,9,Green Bay Packers,27,Tampa Bay Buccaneers,20,34
2023-12-17,2023-12-17T18:00Z,Final,10,Tennessee Titans,34,Houston Texans,16,19
2023-12-17,2023-12-17T18:00Z,Final,15,Miami Dolphins,20,New York Jets,30,0
2023-12-17,2023-12-17T18:00Z,Final,17,New England Patriots,12,Kansas City Chiefs,17,27
2023-12-17,2023-12-17T18:00Z,Final,18,New Orleans Saints,19,New York Giants,24,6
2023-12-17,2023-12-17T18:00Z,Final,29,Carolina Panthers,1,Atlanta Falcons,9,7
2023-12-17,2023-12-17T21:05Z,Final,14,Los Angeles Rams,28,Washington Commanders,28,20
2023-12-17,2023-12-17T21:05Z,Final,22,Arizona Cardinals,25,San Francisco 49ers,29,45
2023-12-17,2023-12-17T21:25Z,Final,2,Buffalo Bills,6,Dallas Cowboys,31,10
2023-12-17,2023-12-18T01:20Z,Final,30,Jacksonville Jaguars,33,Baltimore Ravens,7,23
2023-12-18,2023-12-19T01:15Z,Final,26,Seattle Seahawks,21,Philadelphia Eagles,20,17
2023-12-21,2023-12-22T01:15Z,Final,14,Los Angeles Rams,18,New Orleans Saints,30,22
2023-12-23,2023-12-23T21:30Z,Final,23,Pittsburgh Steelers,4,Cincinnati Bengals,34,11
2023-12-23,2023-12-24T01:00Z,Final,24,Los Angeles Chargers,2,Buffalo Bills,22,24
2023-12-24,2023-12-24T18:00Z,Final,1,Atlanta Falcons,11,Indianapolis Colts,29,10
2023-12-24,2023-12-24T18:00Z,Final,10,Tennessee Titans,26,Seattle Seahawks,17,20
2023-12-24,2023-12-24T18:00Z,Final,16,Minnesota Vikings,8,Detroit Lions,24,30
2023-12-24,2023-12-24T18:00Z,Final,20,New York Jets,28,Washington Commanders,30,28
2023-12-24,2023-12-24T18:00Z,Final,29,Carolina Panthers,9,Green Bay Packers,30,33
2023-12-24,2023-12-24T18:00Z,Final,34,Houston Texans,5,Cleveland Browns,22,36
2023-12-24,2023-12-24T21:05Z,Final,27,Tampa Bay Buccaneers,30,Jacksonville Jaguars,30,12
2023-12-24,2023-12-24T21:25Z,Final,3,Chicago Bears,22,Arizona Cardinals,27,16
2023-12-24,2023-12-24T21:25Z,Final,15,Miami Dolphins,6,Dallas Cowboys,22,20
2023-12-24,2023-12-25T01:15Z,Final,7,Denver Broncos,17,New England Patriots,23,26
2023-12-25,2023-12-25T18:00Z,Final,12,Kansas City Chiefs,13,Las Vegas Raiders,14,20
2023-12-25,2023-12-25T21:30Z,Final,21,Philadelphia Eagles,19,New York Giants,33,25
2023-12-25,2023-12-26T01:15Z,Final,25,San Francisco 49ers,33,Baltimore Ravens,19,33
2023-12-28,2023-12-29T01:15Z,Final,5,Cleveland Browns,20,New York Jets,37,20
2023-12-30,2023-12-31T01:15Z,Final,6,Dallas Cowboys,8,Detroit Lions,20,19
2023-12-31,2023-12-31T18:00Z,Final,2,Buffalo Bills,17,New England Patriots,27,21
2023-12-31,2023-12-31T18:00Z,Final,3,Chicago Bears,1,Atlanta Falcons,37,17
2023-12-31,2023-12-31T18:00Z,Final,11,Indianapolis Colts,13,Las Vegas Raiders,23,20
2023-12-31,2023-12-31T18:00Z,Final,19,New York Giants,14,Los Angeles Rams,25,26
2023-12-31,2023-12-31T18:00Z,Final,21,Philadelphia Eagles,22,Arizona Cardinals,31,35
2023-12-31,2023-12-31T18:00Z,Final,27,Tampa Bay Buccaneers,18,New Orleans Saints,13,23
2023-12-31,2023-12-31T18:00Z,Final,28,Washington Commanders,25,San Francisco 49ers,10,27
2023-12-31,2023-12-31T18:00Z,Final,30,Jacksonville Jaguars,29,Carolina Panthers,26,0
2023-12-31,2023-12-31T18:00Z,Final,33,Baltimore Ravens,15,Miami Dolphins,56,19
2023-12-31,2023-12-31T18:00Z,Final,34,Houston Texans,10,Tennessee Titans,26,3
2023-12-31,2023-12-31T21:05Z,Final,26,Seattle Seahawks,23,Pittsburgh Steelers,23,30
2023-12-31,2023-12-31T21:25Z,Final,7,Denver Broncos,24,Los Angeles Chargers,16,9
2023-12-31,2023-12-31T21:25Z,Final,12,Kansas City Chiefs,4,Cincinnati Bengals,25,17
2023-12-31,2024-01-01T01:20Z,Final,16,Minnesota Vikings,9,Green Bay Packers,10,33
2024-01-06,2024-01-06T21:30Z,Final,33,Baltimore Ravens,23,Pittsburgh Steelers,10,17
2024-01-06,2024-01-07T01:15Z,Final,11,Indianapolis Colts,34,Houston Texans,19,23
2024-01-07,2024-01-07T18:00Z,Final,4,Cincinnati Bengals,5,Cleveland Browns,31,14
2024-01-07,2024-01-07T18:00Z,Final,8,Detroit Lions,16,Minnesota Vikings,30,20
2024-01-07,2024-01-07T18:00Z,Final,10,Tennessee Titans,30,Jacksonville Jaguars,28,20
2024-01-07,2024-01-07T18:00Z,Final,17,New England Patriots,20,New York Jets,3,17
2024-01-07,2024-01-07T18:00Z,Final,18,New Orleans Saints,1,Atlanta Falcons,48,17
2024-01-07,2024-01-07T18:00Z,Final,29,Carolina Panthers,27,Tampa Bay Buccaneers,0,9
2024-01-07,2024-01-07T21:25Z,Final,9,Green Bay Packers,3,Chicago Bears,17,9
2024-01-07,2024-01-07T21:25Z,Final,13,Las Vegas Raiders,7,Denver Broncos,27,14
2024-01-07,2024-01-07T21:25Z,Final,19,New York Giants,21,Philadelphia Eagles,27,10
2024-01-07,2024-01-07T21:25Z,Final,22,Arizona Cardinals,26,Seattle Seahawks,20,21
2024-01-07,2024-01-07T21:25Z,Final,24,Los Angeles Chargers,12,Kansas City Chiefs,12,13
2024-01-07,2024-01-07T21:25Z,Final,25,San Francisco 49ers,14,Los Angeles Rams,20,21
2024-01-07,2024-01-07T21:25Z,Final,28,Washington Commanders,6,Dallas Cowboys,10,38
2024-01-07,2024-01-08T01:20Z,Final,15,Miami Dolphins,2,Buffalo Bills,14,21
2024-01-13,2024-01-13T21:30Z,Final,34,Houston Texans,5,Cleveland Browns,45,14
2024-01-13,2024-01-14T01:00Z,Final,12,Kansas City Chiefs,15,Miami Dolphins,26,7
2024-01-14,2024-01-14T21:30Z,Final,6,Dallas Cowboys,9,Green Bay Packers,32,48
2024-01-14,2024-01-15T01:15Z,Final,8,Detroit Lions,14,Los Angeles Rams,24,23
2024-01-15,2024-01-15T21:30Z,Final,2,Buffalo Bills,23,Pittsburgh Steelers,31,17
2024-01-15,2024-01-16T01:15Z,Final,27,Tampa Bay Buccaneers,21,Philadelphia Eagles,32,9
2024-01-20,2024-01-20T21:30Z,Final,33,Baltimore Ravens,34,Houston Texans,34,10
2024-01-20,2024-01-21T01:15Z,Final,25,San Francisco 49ers,9,Green Bay Packers,24,21
2024-01-21,2024-01-21T20:00Z,Final,8,Detroit Lions,27,Tampa Bay Buccaneers,31,23
2024-01-21,2024-01-21T23:30Z,Final,2,Buffalo Bills,12,Kansas City Chiefs,24,27
2024-01-28,2024-01-28T20:00Z,Final,33,Baltimore Ravens,12,Kansas City Chiefs,10,17
2024-01-28,2024-01-28T23:30Z,Final,25,San Francisco 49ers,8,Detroit Lions,34,31
2024-02-04,2024-02-04T20:00Z,Final,31,AFC,32,NFC,59,64
2024-02-11,2024-02-11T23:30Z,Final,12,Kansas City Chiefs,25,San Francisco 49ers,25,22
2024-08-01,2024-08-02T00:00Z,Final,3,Chicago Bears,34,Houston Texans,21,17
2024-08-08,2024-08-08T23:00Z,Final,17,New England Patriots,29,Carolina Panthers,17,3
2024-08-08,2024-08-08T23:00Z,Final,19,New York Giants,8,Detroit Lions,14,3
2024-08-09,2024-08-09T23:00Z,Final,15,Miami Dolphins,1,Atlanta Falcons,20,13
2024-08-09,2024-08-09T23:00Z,Final,23,Pittsburgh Steelers,34,Houston Texans,12,20
2024-08-09,2024-08-09T23:30Z,Final,33,Baltimore Ravens,21,Philadelphia Eagles,13,16
2024-08-10,2024-08-10T16:00Z,Final,20,New York Jets,28,Washington Commanders,20,17
2024-08-10,2024-08-10T17:00Z,Final,2,Buffalo Bills,3,Chicago Bears,6,33
2024-08-10,2024-08-10T20:00Z,Final,16,Minnesota Vikings,13,Las Vegas Raiders,24,23
2024-08-10,2024-08-10T20:25Z,Final,5,Cleveland Browns,9,Green Bay Packers,10,23
2024-08-10,2024-08-10T23:00Z,Final,4,Cincinnati Bengals,27,Tampa Bay Buccaneers,14,17
2024-08-10,2024-08-10T23:00Z,Final,10,Tennessee Titans,25,San Francisco 49ers,17,13
2024-08-10,2024-08-10T23:00Z,Final,30,Jacksonville Jaguars,12,Kansas City Chiefs,26,13
2024-08-10,2024-08-10T23:05Z,Final,24,Los Angeles Chargers,26,Seattle Seahawks,3,16
2024-08-10,2024-08-11T00:00Z,Final,22,Arizona Cardinals,18,New Orleans Saints,14,16
2024-08-11,2024-08-11T17:00Z,Final,11,Indianapolis Colts,7,Denver Broncos,30,34
2024-08-11,2024-08-11T20:30Z,Final,14,Los Angeles Rams,6,Dallas Cowboys,13,12
2024-08-15,2024-08-15T23:00Z,Final,17,New England Patriots,21,Philadelphia Eagles,13,14
2024-08-17,2024-08-17T16:00Z,Final,33,Baltimore Ravens,1,Atlanta Falcons,13,12
2024-08-17,2024-08-17T17:00Z,Final,3,Chicago Bears,4,Cincinnati Bengals,27,3
2024-08-17,2024-08-17T17:00Z,Final,34,Houston Texans,19,New York Giants,28,10
2024-08-17,2024-08-17T20:00Z,Final,12,Kansas City Chiefs,8,Detroit Lions,23,24
2024-08-17,2024-08-17T20:25Z,Final,5,Cleveland Browns,16,Minnesota Vikings,12,27
2024-08-17,2024-08-17T23:00Z,Final,10,Tennessee Titans,26,Seattle Seahawks,16,15
2024-08-17,2024-08-17T23:00Z,Final,11,Indianapolis Colts,22,Arizona Cardinals,21,13
2024-08-17,2024-08-17T23:00Z,Final,15,Miami Dolphins,28,Washington Commanders,13,6
2024-08-17,2024-08-17T23:00Z,Final,23,Pittsburgh Steelers,2,Buffalo Bills,3,9
2024-08-17,2024-08-17T23:00Z,Final,29,Carolina Panthers,20,New York Jets,12,15
2024-08-17,2024-08-17T23:05Z,Final,24,Los Angeles Chargers,14,Los Angeles Rams,9,13
2024-08-17,2024-08-17T23:30Z,Final,30,Jacksonville Jaguars,27,Tampa Bay Buccaneers,20,7
2024-08-17,2024-08-18T02:00Z,Final,13,Las Vegas Raiders,6,Dallas Cowboys,12,27
2024-08-18,2024-08-19T00:00Z,Final,7,Denver Broncos,9,Green Bay Packers,27,2
2024-08-18,2024-08-19T00:00Z,Final,25,San Francisco 49ers,18,New Orleans Saints,16,10
2024-08-22,2024-08-23T00:00Z,Final,4,Cincinnati Bengals,11,Indianapolis Colts,14,27
2024-08-22,2024-08-23T00:20Z,Final,12,Kansas City Chiefs,3,Chicago Bears,21,34
2024-08-23,2024-08-23T23:00Z,Final,1,Atlanta Falcons,30,Jacksonville Jaguars,0,31
2024-08-23,2024-08-23T23:30Z,Final,27,Tampa Bay Buccaneers,15,Miami Dolphins,24,14
2024-08-23,2024-08-24T02:00Z,Final,13,Las Vegas Raiders,25,San Francisco 49ers,24,24
2024-08-24,2024-08-24T17:00Z,Final,2,Buffalo Bills,29,Carolina Panthers,26,31
2024-08-24,2024-08-24T17:00Z,Final,8,Detroit Lions,23,Pittsburgh Steelers,24,17
2024-08-24,2024-08-24T17:00Z,Final,9,Green Bay Packers,33,Baltimore Ravens,30,7
2024-08-24,2024-08-24T17:00Z,Final,21,Philadelphia Eagles,16,Minnesota Vikings,3,26
2024-08-24,2024-08-24T17:00Z,Final,34,Houston Texans,14,Los Angeles Rams,17,15
2024-08-24,2024-08-24T20:00Z,Final,6,Dallas Cowboys,24,Los Angeles Chargers,19,26
2024-08-24,2024-08-24T23:30Z,Final,20,New York Jets,19,New York Giants,10,6
2024-08-24,2024-08-25T02:00Z,Final,26,Seattle Seahawks,5,Cleveland Browns,37,33
2024-08-25,2024-08-25T18:00Z,Final,18,New Orleans Saints,10,Tennessee Titans,27,30
2024-08-25,2024-08-25T20:30Z,Final,7,Denver Broncos,22,Arizona Cardinals,38,12
2024-08-25,2024-08-26T00:00Z,Final,28,Washington Commanders,17,New England Patriots,20,10
2024-09-05,2024-09-06T00:40Z,Final,12,Kansas City Chiefs,33,Baltimore Ravens,27,20
2024-09-06,2024-09-07T00:15Z,Final,21,Philadelphia Eagles,9,Green Bay Packers,34,29
2024-09-08,2024-09-08T17:00Z,Final,1,Atlanta Falcons,23,Pittsburgh Steelers,10,18
2024-09-08,2024-09-08T17:00Z,Final,2,Buffalo Bills,22,Arizona Cardinals,34,28
2024-09-08,2024-09-08T17:00Z,Final,3,Chicago Bears,10,Tennessee Titans,24,17
2024-09-08,2024-09-08T17:00Z,Final,4,Cincinnati Bengals,17,New England Patriots,10,16
2024-09-08,2024-09-08T17:00Z,Final,11,Indianapolis Colts,34,Houston Texans,27,29
2024-09-08,2024-09-08T17:00Z,Final,15,Miami Dolphins,30,Jacksonville Jaguars,20,17
2024-09-08,2024-09-08T17:00Z,Final,18,New Orleans Saints,29,Carolina Panthers,47,10
2024-09-08,2024-09-08T17:00Z,Final,19,New York Giants,16,Minnesota Vikings,6,28
2024-09-08,2024-09-08T20:05Z,Final,24,Los Angeles Chargers,13,Las Vegas Raiders,22,10
2024-09-08,2024-09-08T20:05Z,Final,26,Seattle Seahawks,7,Denver Broncos,26,20
2024-09-08,2024-09-08T20:25Z,Final,5,Cleveland Browns,6,Dallas Cowboys,17,33
2024-09-08,2024-09-08T20:25Z,Final,27,Tampa Bay Buccaneers,28,Washington Commanders,37,20
2024-09-08,2024-09-09T00:20Z,Final,8,Detroit Lions,14,Los Angeles Rams,26,20
2024-09-09,2024-09-10T00:15Z,Final,25,San Francisco 49ers,20,New York Jets,32,19
2024-09-12,2024-09-13T00:15Z,Final,15,Miami Dolphins,2,Buffalo Bills,10,31
2024-09-15,2024-09-15T17:00Z,Final,6,Dallas Cowboys,18,New Orleans Saints,19,44
2024-09-15,2024-09-15T17:00Z,Final,8,Detroit Lions,27,Tampa Bay Buccaneers,16,20
2024-09-15,2024-09-15T17:00Z,Final,9,Green Bay Packers,11,Indianapolis Colts,16,10
2024-09-15,2024-09-15T17:00Z,Final,10,Tennessee Titans,20,New York Jets,17,24
2024-09-15,2024-09-15T17:00Z,Final,16,Minnesota Vikings,25,San Francisco 49ers,23,17
2024-09-15,2024-09-15T17:00Z,Final,17,New England Patriots,26,Seattle Seahawks,20,23
2024-09-15,2024-09-15T17:00Z,Final,28,Washington Commanders,19,New York Giants,21,18
2024-09-15,2024-09-15T17:00Z,Final,29,Carolina Panthers,24,Los Angeles Chargers,3,26
2024-09-15,2024-09-15T17:00Z,Final,30,Jacksonville Jaguars,5,Cleveland Browns,13,18
2024-09-15,2024-09-15T17:00Z,Final,33,Baltimore Ravens,13,Las Vegas Raiders,23,26
2024-09-15,2024-09-15T20:05Z,Final,22,Arizona Cardinals,14,Los Angeles Rams,41,10
2024-09-15,2024-09-15T20:25Z,Final,7,Denver Broncos,23,Pittsburgh Steelers,6,13
2024-09-15,2024-09-15T20:25Z,Final,12,Kansas City Chiefs,4,Cincinnati Bengals,26,25
2024-09-15,2024-09-16T00:20Z,Final,34,Houston Texans,3,Chicago Bears,19,13
2024-09-16,2024-09-17T00:15Z,Final,21,Philadelphia Eagles,1,Atlanta Falcons,21,22
2024-09-19,2024-09-20T00:15Z,Final,20,New York Jets,17,New England Patriots,24,3
2024-09-22,2024-09-22T17:00Z,Final,5,Cleveland Browns,19,New York Giants,15,21
2024-09-22,2024-09-22T17:00Z,Final,10,Tennessee Titans,9,Green Bay Packers,14,30
2024-09-22,2024-09-22T17:00Z,Final,11,Indianapolis Colts,3,Chicago Bears,21,16
2024-09-22,2024-09-22T17:00Z,Final,16,Minnesota Vikings,34,Houston Texans,34,7
2024-09-22,2024-09-22T17:00Z,Final,18,New Orleans Saints,21,Philadelphia Eagles,12,15
2024-09-22,2024-09-22T17:00Z,Final,23,Pittsburgh Steelers,24,Los Angeles Chargers,20,10
2024-09-22,2024-09-22T17:00Z,Final,27,Tampa Bay Buccaneers,7,Denver Broncos,7,26
2024-09-22,2024-09-22T20:05Z,Final,13,Las Vegas Raiders,29,Carolina Panthers,22,36
2024-09-22,2024-09-22T20:05Z,Final,26,Seattle Seahawks,15,Miami Dolphins,24,3
2024-09-22,2024-09-22T20:25Z,Final,6,Dallas Cowboys,33,Baltimore Ravens,25,28
2024-09-22,2024-09-22T20:25Z,Final,14,Los Angeles Rams,25,San Francisco 49ers,27,24
2024-09-22,2024-09-22T20:25Z,Final,22,Arizona Cardinals,8,Detroit Lions,13,20
2024-09-22,2024-09-23T00:20Z,Final,1,Atlanta Falcons,12,Kansas City Chiefs,17,22
2024-09-23,2024-09-23T23:30Z,Final,2,Buffalo Bills,30,Jacksonville Jaguars,47,10
2024-09-23,2024-09-24T00:15Z,Final,4,Cincinnati Bengals,28,Washington Commanders,33,38
2024-09-26,2024-09-27T00:15Z,Final,19,New York Giants,6,Dallas Cowboys,15,20
2024-09-29,2024-09-29T17:00Z,Final,1,Atlanta Falcons,18,New Orleans Saints,26,24
2024-09-29,2024-09-29T17:00Z,Final,3,Chicago Bears,14,Los Angeles Rams,24,18
2024-09-29,2024-09-29T17:00Z,Final,9,Green Bay Packers,16,Minnesota Vikings,29,31
2024-09-29,2024-09-29T17:00Z,Final,11,Indianapolis Colts,23,Pittsburgh Steelers,27,24
2024-09-29,2024-09-29T17:00Z,Final,20,New York Jets,7,Denver Broncos,9,10
2024-09-29,2024-09-29T17:00Z,Final,27,Tampa Bay Buccaneers,21,Philadelphia Eagles,33,16
2024-09-29,2024-09-29T17:00Z,Final,29,Carolina Panthers,4,Cincinnati Bengals,24,34
2024-09-29,2024-09-29T17:00Z,Final,34,Houston Texans,30,Jacksonville Jaguars,24,20
2024-09-29,2024-09-29T20:05Z,Final,22,Arizona Cardinals,28,Washington Commanders,14,42
2024-09-29,2024-09-29T20:05Z,Final,25,San Francisco 49ers,17,New England Patriots,30,13
2024-09-29,2024-09-29T20:25Z,Final,13,Las Vegas Raiders,5,Cleveland Browns,20,16
2024-09-29,2024-09-29T20:25Z,Final,24,Los Angeles Chargers,12,Kansas City Chiefs,10,17
2024-09-29,2024-09-30T00:20Z,Final,33,Baltimore Ravens,2,Buffalo Bills,35,10
2024-09-30,2024-09-30T23:30Z,Final,15,Miami Dolphins,10,Tennessee Titans,12,31
2024-09-30,2024-10-01T00:15Z,Final,8,Detroit Lions,26,Seattle Seahawks,42,29
2024-10-03,2024-10-04T00:15Z,Final,1,Atlanta Falcons,27,Tampa Bay Buccaneers,36,30
2024-10-06,2024-10-06T13:30Z,Final,16,Minnesota Vikings,20,New York Jets,23,17
2024-10-06,2024-10-06T17:00Z,Final,3,Chicago Bears,29,Carolina Panthers,36,10
2024-10-06,2024-10-06T17:00Z,Final,4,Cincinnati Bengals,33,Baltimore Ravens,38,41
2024-10-06,2024-10-06T17:00Z,Final,17,New England Patriots,15,Miami Dolphins,10,15
2024-10-06,2024-10-06T17:00Z,Final,28,Washington Commanders,5,Cleveland Browns,34,13
2024-10-06,2024-10-06T17:00Z,Final,30,Jacksonville Jaguars,11,Indianapolis Colts,37,34
2024-10-06,2024-10-06T17:00Z,Final,34,Houston Texans,2,Buffalo Bills,23,20
2024-10-06,2024-10-06T20:05Z,Final,7,Denver Broncos,13,Las Vegas Raiders,34,18
2024-10-06,2024-10-06T20:05Z,Final,25,San Francisco 49ers,22,Arizona Cardinals,23,24
2024-10-06,2024-10-06T20:25Z,Final,14,Los Angeles Rams,9,Green Bay Packers,19,24
2024-10-06,2024-10-06T20:25Z,Final,26,Seattle Seahawks,19,New York Giants,20,29
2024-10-06,2024-10-07T01:45Z,Final,23,Pittsburgh Steelers,6,Dallas Cowboys,17,20
2024-10-07,2024-10-08T00:15Z,Final,12,Kansas City Chiefs,18,New Orleans Saints,26,13
2024-10-10,2024-10-11T00:15Z,Final,26,Seattle Seahawks,25,San Francisco 49ers,24,36
2024-10-13,2024-10-13T13:30Z,Final,3,Chicago Bears,30,Jacksonville Jaguars,35,16
2024-10-13,2024-10-13T17:00Z,Final,9,Green Bay Packers,22,Arizona Cardinals,34,13
2024-10-13,2024-10-13T17:00Z,Final,10,Tennessee Titans,11,Indianapolis Colts,17,20
2024-10-13,2024-10-13T17:00Z,Final,17,New England Patriots,34,Houston Texans,21,41
2024-10-13,2024-10-13T17:00Z,Final,18,New Orleans Saints,27,Tampa Bay Buccaneers,27,51
2024-10-13,2024-10-13T17:00Z,Final,21,Philadelphia Eagles,5,Cleveland Browns,20,16
2024-10-13,2024-10-13T17:00Z,Final,33,Baltimore Ravens,28,Washington Commanders,30,23
2024-10-13,2024-10-13T20:05Z,Final,7,Denver Broncos,24,Los Angeles Chargers,16,23
2024-10-13,2024-10-13T20:05Z,Final,13,Las Vegas Raiders,23,Pittsburgh Steelers,13,32
2024-10-13,2024-10-13T20:25Z,Final,6,Dallas Cowboys,8,Detroit Lions,9,47
2024-10-13,2024-10-13T20:25Z,Final,29,Carolina Panthers,1,Atlanta Falcons,20,38
2024-10-13,2024-10-14T00:20Z,Final,19,New York Giants,4,Cincinnati Bengals,7,17
2024-10-14,2024-10-15T00:15Z,Final,20,New York Jets,2,Buffalo Bills,20,23
2024-10-17,2024-10-18T00:15Z,Final,18,New Orleans Saints,7,Denver Broncos,10,33
2024-10-20,2024-10-20T13:30Z,Final,30,Jacksonville Jaguars,17,New England Patriots,32,16
2024-10-20,2024-10-20T17:00Z,Final,1,Atlanta Falcons,26,Seattle Seahawks,14,34
2024-10-20,2024-10-20T17:00Z,Final,2,Buffalo Bills,10,Tennessee Titans,34,10
2024-10-20,2024-10-20T17:00Z,Final,5,Cleveland Browns,4,Cincinnati Bengals,14,21
2024-10-20,2024-10-20T17:00Z,Final,9,Green Bay Packers,34,Houston Texans,24,22
2024-10-20,2024-10-20T17:00Z,Final,11,Indianapolis Colts,15,Miami Dolphins,16,10
2024-10-20,2024-10-20T17:00Z,Final,16,Minnesota Vikings,8,Detroit Lions,29,31
2024-10-20,2024-10-20T17:00Z,Final,19,New York Giants,21,Philadelphia Eagles,3,28
2024-10-20,2024-10-20T20:05Z,Final,14,Los Angeles Rams,13,Las Vegas Raiders,20,15
2024-10-20,2024-10-20T20:05Z,Final,28,Washington Commanders,29,Carolina Panthers,40,7
2024-10-20,2024-10-20T20:25Z,Final,25,San Francisco 49ers,12,Kansas City Chiefs,18,28
2024-10-20,2024-10-21T00:20Z,Final,23,Pittsburgh Steelers,20,New York Jets,37,15
2024-10-21,2024-10-22T00:15Z,Final,27,Tampa Bay Buccaneers,33,Baltimore Ravens,31,41
2024-10-21,2024-10-22T01:00Z,Final,22,Arizona Cardinals,24,Los Angeles Chargers,17,15
2024-10-24,2024-10-25T00:15Z,Final,14,Los Angeles Rams,16,Minnesota Vikings,30,20
2024-10-27,2024-10-27T17:00Z,Final,4,Cincinnati Bengals,21,Philadelphia Eagles,17,37
2024-10-27,2024-10-27T17:00Z,Final,5,Cleveland Browns,33,Baltimore Ravens,29,24
2024-10-27,2024-10-27T17:00Z,Final,8,Detroit Lions,10,Tennessee Titans,52,14
2024-10-27,2024-10-27T17:00Z,Final,15,Miami Dolphins,22,Arizona Cardinals,27,28
2024-10-27,2024-10-27T17:00Z,Final,17,New England Patriots,20,New York Jets,25,22
2024-10-27,2024-10-27T17:00Z,Final,27,Tampa Bay Buccaneers,1,Atlanta Falcons,26,31
2024-10-27,2024-10-27T17:00Z,Final,30,Jacksonville Jaguars,9,Green Bay Packers,27,30
2024-10-27,2024-10-27T17:00Z,Final,34,Houston Texans,11,Indianapolis Colts,23,20
2024-10-27,2024-10-27T20:05Z,Final,24,Los Angeles Chargers,18,New Orleans Saints,26,8
2024-10-27,2024-10-27T20:05Z,Final,26,Seattle Seahawks,2,Buffalo Bills,10,31
2024-10-27,2024-10-27T20:25Z,Final,7,Denver Broncos,29,Carolina Panthers,28,14
2024-10-27,2024-10-27T20:25Z,Final,13,Las Vegas Raiders,12,Kansas City Chiefs,20,27
2024-10-27,2024-10-27T20:25Z,Final,28,Washington Commanders,3,Chicago Bears,18,15
2024-10-27,2024-10-28T00:20Z,Final,25,San Francisco 49ers,6,Dallas Cowboys,30,24
2024-10-28,2024-10-29T00:15Z,Final,23,Pittsburgh Steelers,19,New York Giants,26,18
2024-10-31,2024-11-01T00:15Z,Final,20,New York Jets,34,Houston Texans,21,13
2024-11-03,2024-11-03T18:00Z,Final,1,Atlanta Falcons,6,Dallas Cowboys,27,21
2024-11-03,2024-11-03T18:00Z,Final,2,Buffalo Bills,15,Miami Dolphins,30,27
2024-11-03,2024-11-03T18:00Z,Final,4,Cincinnati Bengals,13,Las Vegas Raiders,41,24
2024-11-03,2024-11-03T18:00Z,Final,5,Cleveland Browns,24,Los Angeles Chargers,10,27
2024-11-03,2024-11-03T18:00Z,Final,10,Tennessee Titans,17,New England Patriots,20,17
2024-11-03,2024-11-03T18:00Z,Final,19,New York Giants,28,Washington Commanders,22,27
2024-11-03,2024-11-03T18:00Z,Final,29,Carolina Panthers,18,New Orleans Saints,23,22
2024-11-03,2024-11-03T18:00Z,Final,33,Baltimore Ravens,7,Denver Broncos,41,10
2024-11-03,2024-11-03T21:05Z,Final,21,Philadelphia Eagles,30,Jacksonville Jaguars,28,23
2024-11-03,2024-11-03T21:05Z,Final,22,Arizona Cardinals,3,Chicago Bears,29,9
2024-11-03,2024-11-03T21:25Z,Final,9,Green Bay Packers,8,Detroit Lions,14,24
2024-11-03,2024-11-03T21:25Z,Final,26,Seattle Seahawks,14,Los Angeles Rams,20,26
2024-11-03,2024-11-04T01:20Z,Final,16,Minnesota Vikings,11,Indianapolis Colts,21,13
2024-11-04,2024-11-05T01:15Z,Final,12,Kansas City Chiefs,27,Tampa Bay Buccaneers,30,24
2024-11-07,2024-11-08T01:15Z,Final,33,Baltimore Ravens,4,Cincinnati Bengals,35,34
2024-11-10,2024-11-10T14:30Z,Final,29,Carolina Panthers,19,New York Giants,20,17
2024-11-10,2024-11-10T18:00Z,Final,3,Chicago Bears,17,New England Patriots,3,19
2024-11-10,2024-11-10T18:00Z,Final,11,Indianapolis Colts,2,Buffalo Bills,20,30
2024-11-10,2024-11-10T18:00Z,Final,12,Kansas City Chiefs,7,Denver Broncos,16,14
2024-11-10,2024-11-10T18:00Z,Final,18,New Orleans Saints,1,Atlanta Falcons,20,17
2024-11-10,2024-11-10T18:00Z,Final,27,Tampa Bay Buccaneers,25,San Francisco 49ers,20,23
2024-11-10,2024-11-10T18:00Z,Final,28,Washington Commanders,23,Pittsburgh Steelers,27,28
2024-11-10,2024-11-10T18:00Z,Final,30,Jacksonville Jaguars,16,Minnesota Vikings,7,12
2024-11-10,2024-11-10T21:05Z,Final,24,Los Angeles Chargers,10,Tennessee Titans,27,17
2024-11-10,2024-11-10T21:25Z,Final,6,Dallas Cowboys,21,Philadelphia Eagles,6,34
2024-11-10,2024-11-10T21:25Z,Final,22,Arizona Cardinals,20,New York Jets,31,6
2024-11-10,2024-11-11T01:20Z,Final,34,Houston Texans,8,Detroit Lions,23,26
2024-11-11,2024-11-12T01:15Z,Final,14,Los Angeles Rams,15,Miami Dolphins,15,23
2024-11-14,2024-11-15T01:15Z,Final,21,Philadelphia Eagles,28,Washington Commanders,26,18
2024-11-17,2024-11-17T18:00Z,Final,3,Chicago Bears,9,Green Bay Packers,19,20
2024-11-17,2024-11-17T18:00Z,Final,8,Detroit Lions,30,Jacksonville Jaguars,52,6
2024-11-17,2024-11-17T18:00Z,Final,10,Tennessee Titans,16,Minnesota Vikings,13,23
2024-11-17,2024-11-17T18:00Z,Final,15,Miami Dolphins,13,Las Vegas Raiders,34,19
2024-11-17,2024-11-17T18:00Z,Final,17,New England Patriots,14,Los Angeles Rams,22,28
2024-11-17,2024-11-17T18:00Z,Final,18,New Orleans Saints,5,Cleveland Browns,35,14
2024-11-17,2024-11-17T18:00Z,Final,20,New York Jets,11,Indianapolis Colts,27,28
2024-11-17,2024-11-17T18:00Z,Final,23,Pittsburgh Steelers,33,Baltimore Ravens,18,16
2024-11-17,2024-11-17T21:05Z,Final,7,Denver Broncos,1,Atlanta Falcons,38,6
2024-11-17,2024-11-17T21:05Z,Final,25,San Francisco 49ers,26,Seattle Seahawks,17,20
2024-11-17,2024-11-17T21:25Z,Final,2,Buffalo Bills,12,Kansas City Chiefs,30,21
2024-11-17,2024-11-18T01:20Z,Final,24,Los Angeles Chargers,4,Cincinnati Bengals,34,27
2024-11-18,2024-11-19T01:15Z,Final,6,Dallas Cowboys,34,Houston Texans,10,34
2024-11-21,2024-11-22T01:15Z,Final,5,Cleveland Browns,23,Pittsburgh Steelers,24,19
2024-11-24,2024-11-24T18:00Z,Final,3,Chicago Bears,16,Minnesota Vikings,27,30
2024-11-24,2024-11-24T18:00Z,Final,11,Indianapolis Colts,8,Detroit Lions,6,24
2024-11-24,2024-11-24T18:00Z,Final,15,Miami Dolphins,17,New England Patriots,34,15
2024-11-24,2024-11-24T18:00Z,Final,19,New York Giants,27,Tampa Bay Buccaneers,7,30
2024-11-24,2024-11-24T18:00Z,Final,28,Washington Commanders,6,Dallas Cowboys,26,34
2024-11-24,2024-11-24T18:00Z,Final,29,Carolina Panthers,12,Kansas City Chiefs,27,30
2024-11-24,2024-11-24T18:00Z,Final,34,Houston Texans,10,Tennessee Titans,27,32
2024-11-24,2024-11-24T21:05Z,Final,13,Las Vegas Raiders,7,Denver Broncos,19,29
2024-11-24,2024-11-24T21:25Z,Final,9,Green Bay Packers,25,San Francisco 49ers,38,10
2024-11-24,2024-11-24T21:25Z,Final,26,Seattle Seahawks,22,Arizona Cardinals,16,6
2024-11-24,2024-11-25T01:20Z,Final,14,Los Angeles Rams,21,Philadelphia Eagles,20,37
2024-11-25,2024-11-26T01:15Z,Final,24,Los Angeles Chargers,33,Baltimore Ravens,23,30
2024-11-28,2024-11-28T17:30Z,Final,8,Detroit Lions,3,Chicago Bears,23,20
2024-11-28,2024-11-28T21:30Z,Final,6,Dallas Cowboys,19,New York Giants,27,20
2024-11-28,2024-11-29T01:20Z,Final,9,Green Bay Packers,15,Miami Dolphins,30,17
2024-11-29,2024-11-29T20:00Z,Final,12,Kansas City Chiefs,13,Las Vegas Raiders,19,17
2024-12-01,2024-12-01T18:00Z,Final,1,Atlanta Falcons,24,Los Angeles Chargers,13,17
2024-12-01,2024-12-01T18:00Z,Final,4,Cincinnati Bengals,23,Pittsburgh Steelers,38,44
2024-12-01,2024-12-01T18:00Z,Final,16,Minnesota Vikings,22,Arizona Cardinals,23,22
2024-12-01,2024-12-01T18:00Z,Final,17,New England Patriots,11,Indianapolis Colts,24,25
2024-12-01,2024-12-01T18:00Z,Final,20,New York Jets,26,Seattle Seahawks,21,26
2024-12-01,2024-12-01T18:00Z,Final,28,Washington Commanders,10,Tennessee Titans,42,19
2024-12-01,2024-12-01T18:00Z,Final,30,Jacksonville Jaguars,34,Houston Texans,20,23
2024-12-01,2024-12-01T21:05Z,Final,18,New Orleans Saints,14,Los Angeles Rams,14,21
2024-12-01,2024-12-01T21:05Z,Final,29,Carolina Panthers,27,Tampa Bay Buccaneers,23,26
2024-12-01,2024-12-01T21:25Z,Final,33,Baltimore Ravens,21,Philadelphia Eagles,19,24
2024-12-01,2024-12-02T01:20Z,Final,2,Buffalo Bills,25,San Francisco 49ers,35,10
2024-12-02,2024-12-03T01:15Z,Final,7,Denver Broncos,5,Cleveland Browns,41,32
2024-12-05,2024-12-06T01:15Z,Final,8,Detroit Lions,9,Green Bay Packers,34,31
2024-12-08,2024-12-08T18:00Z,Final,10,Tennessee Titans,30,Jacksonville Jaguars,6,10
2024-12-08,2024-12-08T18:00Z,Final,15,Miami Dolphins,20,New York Jets,32,26
2024-12-08,2024-12-08T18:00Z,Final,16,Minnesota Vikings,1,Atlanta Falcons,42,21
2024-12-08,2024-12-08T18:00Z,Final,19,New York Giants,18,New Orleans Saints,11,14
2024-12-08,2024-12-08T18:00Z,Final,21,Philadelphia Eagles,29,Carolina Panthers,22,16
2024-12-08,2024-12-08T18:00Z,Final,23,Pittsburgh Steelers,5,Cleveland Browns,27,14
2024-12-08,2024-12-08T18:00Z,Final,27,Tampa Bay Buccaneers,13,Las Vegas Raiders,28,13
2024-12-08,2024-12-08T21:05Z,Final,22,Arizona Cardinals,26,Seattle Seahawks,18,30
2024-12-08,2024-12-08T21:25Z,Final,14,Los Angeles Rams,2,Buffalo Bills,44,42
2024-12-08,2024-12-08T21:25Z,Final,25,San Francisco 49ers,3,Chicago Bears,38,13
2024-12-08,2024-12-09T01:20Z,Final,12,Kansas City Chiefs,24,Los Angeles Chargers,19,17
2024-12-09,2024-12-10T01:15Z,Final,6,Dallas Cowboys,4,Cincinnati Bengals,20,27
2024-12-12,2024-12-13T01:15Z,Final,25,San Francisco 49ers,14,Los Angeles Rams,6,12
2024-12-15,2024-12-15T18:00Z,Final,5,Cleveland Browns,12,Kansas City Chiefs,7,21
2024-12-15,2024-12-15T18:00Z,Final,10,Tennessee Titans,4,Cincinnati Bengals,27,37
2024-12-15,2024-12-15T18:00Z,Final,18,New Orleans Saints,28,Washington Commanders,19,20
2024-12-15,2024-12-15T18:00Z,Final,19,New York Giants,33,Baltimore Ravens,14,35
2024-12-15,2024-12-15T18:00Z,Final,29,Carolina Panthers,6,Dallas Cowboys,14,30
2024-12-15,2024-12-15T18:00Z,Final,30,Jacksonville Jaguars,20,New York Jets,25,32
2024-12-15,2024-12-15T18:00Z,Final,34,Houston Texans,15,Miami Dolphins,20,12
2024-12-15,2024-12-15T21:25Z,Final,7,Denver Broncos,11,Indianapolis Colts,31,13
2024-12-15,2024-12-15T21:25Z,Final,8,Detroit Lions,2,Buffalo Bills,42,48
2024-12-15,2024-12-15T21:25Z,Final,21,Philadelphia Eagles,23,Pittsburgh Steelers,27,13
2024-12-15,2024-12-15T21:25Z,Final,22,Arizona Cardinals,17,New England Patriots,30,17
2024-12-15,2024-12-15T21:25Z,Final,24,Los Angeles Chargers,27,Tampa Bay Buccaneers,17,40
2024-12-15,2024-12-16T01:20Z,Final,26,Seattle Seahawks,9,Green Bay Packers,13,30
2024-12-16,2024-12-17T01:00Z,Final,16,Minnesota Vikings,3,Chicago Bears,30,12
2024-12-16,2024-12-17T01:30Z,Final,13,Las Vegas Raiders,1,Atlanta Falcons,9,15
2024-12-19,2024-12-20T01:15Z,Final,24,Los Angeles Chargers,7,Denver Broncos,34,27
2024-12-21,2024-12-21T18:00Z,Final,12,Kansas City Chiefs,34,Houston Texans,27,19
2024-12-21,2024-12-21T21:30Z,Final,33,Baltimore Ravens,23,Pittsburgh Steelers,34,17
2024-12-22,2024-12-22T18:00Z,Final,1,Atlanta Falcons,19,New York Giants,34,7
2024-12-22,2024-12-22T18:00Z,Final,3,Chicago Bears,8,Detroit Lions,17,34
2024-12-22,2024-12-22T18:00Z,Final,4,Cincinnati Bengals,5,Cleveland Browns,24,6
2024-12-22,2024-12-22T18:00Z,Final,11,Indianapolis Colts,10,Tennessee Titans,38,30
2024-12-22,2024-12-22T18:00Z,Final,20,New York Jets,14,Los Angeles Rams,9,19
2024-12-22,2024-12-22T18:00Z,Final,28,Washington Commanders,21,Philadelphia Eagles,36,33
2024-12-22,2024-12-22T18:00Z,Final,29,Carolina Panthers,22,Arizona Cardinals,36,30
2024-12-22,2024-12-22T21:05Z,Final,26,Seattle Seahawks,16,Minnesota Vikings,24,27
2024-12-22,2024-12-22T21:25Z,Final,2,Buffalo Bills,17,New England Patriots,24,21
2024-12-22,2024-12-22T21:25Z,Final,13,Las Vegas Raiders,30,Jacksonville Jaguars,19,14
2024-12-22,2024-12-22T21:25Z,Final,15,Miami Dolphins,25,San Francisco 49ers,29,17
2024-12-22,2024-12-23T01:20Z,Final,6,Dallas Cowboys,27,Tampa Bay Buccaneers,26,24
2024-12-23,2024-12-24T01:15Z,Final,9,Green Bay Packers,18,New Orleans Saints,34,0
2024-12-25,2024-12-25T18:00Z,Final,23,Pittsburgh Steelers,12,Kansas City Chiefs,10,29
2024-12-25,2024-12-25T21:30Z,Final,34,Houston Texans,33,Baltimore Ravens,2,31
2024-12-26,2024-12-27T01:15Z,Final,3,Chicago Bears,26,Seattle Seahawks,3,6
2024-12-28,2024-12-28T18:00Z,Final,17,New England Patriots,24,Los Angeles Chargers,7,40
2024-12-28,2024-12-28T21:30Z,Final,4,Cincinnati Bengals,7,Denver Broncos,30,24
2024-12-28,2024-12-29T01:00Z,Final,14,Los Angeles Rams,22,Arizona Cardinals,13,9
2024-12-29,2024-12-29T18:00Z,Final,2,Buffalo Bills,20,New York Jets,40,14
2024-12-29,2024-12-29T18:00Z,Final,18,New Orleans Saints,13,Las Vegas Raiders,10,25
2024-12-29,2024-12-29T18:00Z,Final,19,New York Giants,11,Indianapolis Colts,45,33
2024-12-29,2024-12-29T18:00Z,Final,21,Philadelphia Eagles,6,Dallas Cowboys,41,7
2024-12-29,2024-12-29T18:00Z,Final,27,Tampa Bay Buccaneers,29,Carolina Panthers,48,14
2024-12-29,2024-12-29T18:00Z,Final,30,Jacksonville Jaguars,10,Tennessee Titans,20,13
2024-12-29,2024-12-29T21:05Z,Final,5,Cleveland Browns,15,Miami Dolphins,3,20
2024-12-29,2024-12-29T21:25Z,Final,16,Minnesota Vikings,9,Green Bay Packers,27,25
2024-12-29,2024-12-30T01:20Z,Final,28,Washington Commanders,1,Atlanta Falcons,30,24
2024-12-30,2024-12-31T01:15Z,Final,25,San Francisco 49ers,8,Detroit Lions,34,40
2025-01-04,2025-01-04T21:30Z,Final,33,Baltimore Ravens,5,Cleveland Browns,35,10
2025-01-04,2025-01-05T01:00Z,Final,23,Pittsburgh Steelers,4,Cincinnati Bengals,17,19
2025-01-05,2025-01-05T18:00Z,Final,1,Atlanta Falcons,29,Carolina Panthers,38,44
2025-01-05,2025-01-05T18:00Z,Final,6,Dallas Cowboys,28,Washington Commanders,19,23
2025-01-05,2025-01-05T18:00Z,Final,9,Green Bay Packers,3,Chicago Bears,22,24
2025-01-05,2025-01-05T18:00Z,Final,10,Tennessee Titans,34,Houston Texans,14,23
2025-01-05,2025-01-05T18:00Z,Final,11,Indianapolis Colts,30,Jacksonville Jaguars,26,23
2025-01-05,2025-01-05T18:00Z,Final,17,New England Patriots,2,Buffalo Bills,23,16
2025-01-05,2025-01-05T18:00Z,Final,21,Philadelphia Eagles,19,New York Giants,20,13
2025-01-05,2025-01-05T18:00Z,Final,27,Tampa Bay Buccaneers,18,New Orleans Saints,27,19
2025-01-05,2025-01-05T21:25Z,Final,7,Denver Broncos,12,Kansas City Chiefs,38,0
2025-01-05,2025-01-05T21:25Z,Final,13,Las Vegas Raiders,24,Los Angeles Chargers,20,34
2025-01-05,2025-01-05T21:25Z,Final,14,Los Angeles Rams,26,Seattle Seahawks,25,30
2025-01-05,2025-01-05T21:25Z,Final,20,New York Jets,15,Miami Dolphins,32,20
2025-01-05,2025-01-05T21:25Z,Final,22,Arizona Cardinals,25,San Francisco 49ers,47,24
2025-01-05,2025-01-06T01:20Z,Final,8,Detroit Lions,16,Minnesota Vikings,31,9
2025-01-11,2025-01-11T21:30Z,Final,34,Houston Texans,24,Los Angeles Chargers,32,12
2025-01-11,2025-01-12T01:00Z,Final,33,Baltimore Ravens,23,Pittsburgh Steelers,28,14
2025-01-12,2025-01-12T18:00Z,Final,2,Buffalo Bills,7,Denver Broncos,31,7
2025-01-12,2025-01-12T21:30Z,Final,21,Philadelphia Eagles,9,Green Bay Packers,22,10
2025-01-12,2025-01-13T01:00Z,Final,27,Tampa Bay Buccaneers,28,Washington Commanders,20,23
2025-01-13,2025-01-14T01:00Z,Final,14,Los Angeles Rams,16,Minnesota Vikings,27,9
2025-01-18,2025-01-18T21:30Z,Final,12,Kansas City Chiefs,34,Houston Texans,23,14
2025-01-18,2025-01-19T01:00Z,Final,8,Detroit Lions,28,Washington Commanders,31,45
2025-01-19,2025-01-19T20:00Z,Final,21,Philadelphia Eagles,14,Los Angeles Rams,28,22
2025-01-19,2025-01-19T23:30Z,Final,2,Buffalo Bills,33,Baltimore Ravens,27,25
2025-01-26,2025-01-26T20:00Z,Final,21,Philadelphia Eagles,28,Washington Commanders,55,23
2025-01-26,2025-01-26T23:30Z,Final,12,Kansas City Chiefs,2,Buffalo Bills,32,29
2025-02-02,2025-02-02T20:00Z,Final,32,NFC,31,AFC,76,63
2025-02-09,2025-02-09T23:30Z,Final,21,Philadelphia Eagles,12,Kansas City Chiefs,40,22
2025-07-31,2025-08-01T00:00Z,Final,8,Detroit Lions,24,Los Angeles Chargers,7,34
2025-08-07,2025-08-07T23:00Z,Final,33,Baltimore Ravens,11,Indianapolis Colts,24,16
2025-08-07,2025-08-07T23:30Z,Final,21,Philadelphia Eagles,4,Cincinnati Bengals,34,27
2025-08-07,2025-08-08T02:00Z,Final,26,Seattle Seahawks,13,Las Vegas Raiders,23,23
2025-08-08,2025-08-08T23:00Z,Final,1,Atlanta Falcons,8,Detroit Lions,10,17
2025-08-08,2025-08-08T23:00Z,Final,29,Carolina Panthers,5,Cleveland Browns,10,30
2025-08-08,2025-08-08T23:30Z,Final,17,New England Patriots,28,Washington Commanders,48,18
2025-08-09,2025-08-09T17:00Z,Final,2,Buffalo Bills,19,New York Giants,25,34
2025-08-09,2025-08-09T20:00Z,Final,16,Minnesota Vikings,34,Houston Texans,20,10
2025-08-09,2025-08-09T23:00Z,Final,14,Los Angeles Rams,6,Dallas Cowboys,31,21
2025-08-09,2025-08-09T23:00Z,Final,30,Jacksonville Jaguars,23,Pittsburgh Steelers,25,31
2025-08-09,2025-08-09T23:30Z,Final,27,Tampa Bay Buccaneers,10,Tennessee Titans,29,7
2025-08-09,2025-08-10T00:00Z,Final,9,Green Bay Packers,20,New York Jets,10,30
2025-08-09,2025-08-10T00:00Z,Final,22,Arizona Cardinals,12,Kansas City Chiefs,20,17
2025-08-09,2025-08-10T00:30Z,Final,25,San Francisco 49ers,7,Denver Broncos,9,30
2025-08-10,2025-08-10T17:00Z,Final,3,Chicago Bears,15,Miami Dolphins,24,24
2025-08-10,2025-08-10T20:00Z,Final,24,Los Angeles Chargers,18,New Orleans Saints,27,13
2025-08-15,2025-08-15T23:00Z,Final,1,Atlanta Falcons,10,Tennessee Titans,20,23
2025-08-15,2025-08-16T02:00Z,Final,26,Seattle Seahawks,12,Kansas City Chiefs,33,16
2025-08-16,2025-08-16T17:00Z,Final,8,Detroit Lions,15,Miami Dolphins,17,24
2025-08-16,2025-08-16T17:00Z,Final,11,Indianapolis Colts,9,Green Bay Packers,19,23
2025-08-16,2025-08-16T17:00Z,Final,16,Minnesota Vikings,17,New England Patriots,12,20
2025-08-16,2025-08-16T17:00Z,Final,21,Philadelphia Eagles,5,Cleveland Browns,13,22
2025-08-16,2025-08-16T17:00Z,Final,34,Houston Texans,29,Carolina Panthers,20,3
2025-08-16,2025-08-16T20:05Z,Final,13,Las Vegas Raiders,25,San Francisco 49ers,19,22
2025-08-16,2025-08-16T23:00Z,Final,6,Dallas Cowboys,33,Baltimore Ravens,13,31
2025-08-16,2025-08-16T23:00Z,Final,14,Los Angeles Rams,24,Los Angeles Chargers,23,22
2025-08-16,2025-08-16T23:00Z,Final,19,New York Giants,20,New York Jets,31,12
2025-08-16,2025-08-16T23:00Z,Final,23,Pittsburgh Steelers,27,Tampa Bay Buccaneers,14,17
2025-08-16,2025-08-17T01:30Z,Final,7,Denver Broncos,22,Arizona Cardinals,27,7
2025-08-17,2025-08-17T17:00Z,Final,18,New Orleans Saints,30,Jacksonville Jaguars,17,17
2025-08-17,2025-08-18T00:00Z,Final,3,Chicago Bears,2,Buffalo Bills,38,0
2025-08-18,2025-08-19T00:00Z,Final,28,Washington Commanders,4,Cincinnati Bengals,17,31
2025-08-21,2025-08-21T23:00Z,Final,29,Carolina Panthers,23,Pittsburgh Steelers,10,19
2025-08-21,2025-08-22T00:00Z,Final,19,New York Giants,17,New England Patriots,42,10
2025-08-22,2025-08-22T23:30Z,Final,20,New York Jets,21,Philadelphia Eagles,17,19
2025-08-22,2025-08-23T00:00Z,Final,6,Dallas Cowboys,1,Atlanta Falcons,31,13
2025-08-22,2025-08-23T00:00Z,Final,10,Tennessee Titans,16,Minnesota Vikings,23,13
2025-08-22,2025-08-23T00:20Z,Final,12,Kansas City Chiefs,3,Chicago Bears,27,29
2025-08-23,2025-08-23T16:00Z,Final,28,Washington Commanders,33,Baltimore Ravens,3,30
2025-08-23,2025-08-23T17:00Z,Final,4,Cincinnati Bengals,11,Indianapolis Colts,14,41
2025-08-23,2025-08-23T17:00Z,Final,5,Cleveland Browns,14,Los Angeles Rams,19,17
2025-08-23,2025-08-23T17:00Z,Final,8,Detroit Lions,34,Houston Texans,7,26
2025-08-23,2025-08-23T17:00Z,Final,18,New Orleans Saints,7,Denver Broncos,19,28
2025-08-23,2025-08-23T20:00Z,Final,9,Green Bay Packers,26,Seattle Seahawks,20,7
2025-08-23,2025-08-23T23:00Z,Final,15,Miami Dolphins,30,Jacksonville Jaguars,14,6
2025-08-23,2025-08-23T23:30Z,Final,27,Tampa Bay Buccaneers,2,Buffalo Bills,19,23
2025-08-23,2025-08-24T00:30Z,Final,25,San Francisco 49ers,24,Los Angeles Chargers,30,23
2025-08-23,2025-08-24T02:00Z,Final,22,Arizona Cardinals,13,Las Vegas Raiders,20,10
2025-09-04,2025-09-05T00:20Z,Final,21,Philadelphia Eagles,6,Dallas Cowboys,24,20
2025-09-05,2025-09-06T00:00Z,Final,24,Los Angeles Chargers,12,Kansas City Chiefs,27,21
2025-09-07,2025-09-07T17:00Z,Final,1,Atlanta Falcons,27,Tampa Bay Buccaneers,20,23
2025-09-07,2025-09-07T17:00Z,Final,5,Cleveland Browns,4,Cincinnati Bengals,16,17
2025-09-07,2025-09-07T17:00Z,Final,11,Indianapolis Colts,15,Miami Dolphins,33,8
2025-09-07,2025-09-07T17:00Z,Final,17,New England Patriots,13,Las Vegas Raiders,13,20
2025-09-07,2025-09-07T17:00Z,Final,18,New Orleans Saints,22,Arizona Cardinals,13,20
2025-09-07,2025-09-07T17:00Z,Final,20,New York Jets,23,Pittsburgh Steelers,32,34
2025-09-07,2025-09-07T17:00Z,Final,28,Washington Commanders,19,New York Giants,21,6
2025-09-07,2025-09-07T17:00Z,Final,30,Jacksonville Jaguars,29,Carolina Panthers,26,10
2025-09-07,2025-09-07T20:05Z,Final,7,Denver Broncos,10,Tennessee Titans,20,12
2025-09-07,2025-09-07T20:05Z,Final,26,Seattle Seahawks,25,San Francisco 49ers,13,17
2025-09-07,2025-09-07T20:25Z,Final,9,Green Bay Packers,8,Detroit Lions,27,13
2025-09-07,2025-09-07T20:25Z,Final,14,Los Angeles Rams,34,Houston Texans,14,9
2025-09-07,2025-09-08T00:20Z,Final,2,Buffalo Bills,33,Baltimore Ravens,41,40
2025-09-08,2025-09-09T00:15Z,Final,3,Chicago Bears,16,Minnesota Vikings,24,27
2025-09-11,2025-09-12T00:15Z,Final,9,Green Bay Packers,28,Washington Commanders,27,18
2025-09-14,2025-09-14T17:00Z,Final,4,Cincinnati Bengals,30,Jacksonville Jaguars,31,27
2025-09-14,2025-09-14T17:00Z,Final,6,Dallas Cowboys,19,New York Giants,40,37
2025-09-14,2025-09-14T17:00Z,Final,8,Detroit Lions,3,Chicago Bears,52,21
2025-09-14,2025-09-14T17:00Z,Final,10,Tennessee Titans,14,Los Angeles Rams,19,33
2025-09-14,2025-09-14T17:00Z,Final,15,Miami Dolphins,17,New England Patriots,27,33
2025-09-14,2025-09-14T17:00Z,Final,18,New Orleans Saints,25,San Francisco 49ers,21,26
2025-09-14,2025-09-14T17:00Z,Final,20,New York Jets,2,Buffalo Bills,10,30
2025-09-14,2025-09-14T17:00Z,Final,23,Pittsburgh Steelers,26,Seattle Seahawks,17,31
2025-09-14,2025-09-14T17:00Z,Final,33,Baltimore Ravens,5,Cleveland Browns,41,17
2025-09-14,2025-09-14T20:05Z,Final,11,Indianapolis Colts,7,Denver Broncos,29,28
2025-09-14,2025-09-14T20:05Z,Final,22,Arizona Cardinals,29,Carolina Panthers,27,22
2025-09-14,2025-09-14T20:25Z,Final,12,Kansas City Chiefs,21,Philadelphia Eagles,17,20
2025-09-14,2025-09-15T00:20Z,Final,16,Minnesota Vikings,1,Atlanta Falcons,6,22
2025-09-15,2025-09-15T23:00Z,Final,34,Houston Texans,27,Tampa Bay Buccaneers,19,20
2025-09-15,2025-09-16T02:00Z,Final,13,Las Vegas Raiders,24,Los Angeles Chargers,9,20
2025-09-18,2025-09-19T00:15Z,Final,2,Buffalo Bills,15,Miami Dolphins,31,21
2025-09-21,2025-09-21T17:00Z,Final,5,Cleveland Browns,9,Green Bay Packers,13,10
2025-09-21,2025-09-21T17:00Z,Final,10,Tennessee Titans,11,Indianapolis Colts,20,41
2025-09-21,2025-09-21T17:00Z,Final,16,Minnesota Vikings,4,Cincinnati Bengals,48,10
2025-09-21,2025-09-21T17:00Z,Final,17,New England Patriots,23,Pittsburgh Steelers,14,21
2025-09-21,2025-09-21T17:00Z,Final,21,Philadelphia Eagles,14,Los Angeles Rams,33,26
2025-09-21,2025-09-21T17:00Z,Final,27,Tampa Bay Buccaneers,20,New York Jets,29,27
2025-09-21,2025-09-21T17:00Z,Final,28,Washington Commanders,13,Las Vegas Raiders,41,24
2025-09-21,2025-09-21T17:00Z,Final,29,Carolina Panthers,1,Atlanta Falcons,30,0
2025-09-21,2025-09-21T17:00Z,Final,30,Jacksonville Jaguars,34,Houston Texans,17,10
2025-09-21,2025-09-21T20:05Z,Final,24,Los Angeles Chargers,7,Denver Broncos,23,20
2025-09-21,2025-09-21T20:05Z,Final,26,Seattle Seahawks,18,New Orleans Saints,44,13
2025-09-21,2025-09-21T20:25Z,Final,3,Chicago Bears,6,Dallas Cowboys,31,14
2025-09-21,2025-09-21T20:25Z,Final,25,San Francisco 49ers,22,Arizona Cardinals,16,15
2025-09-21,2025-09-22T00:20Z,Final,19,New York Giants,12,Kansas City Chiefs,9,22
2025-09-22,2025-09-23T00:15Z,Final,33,Baltimore Ravens,8,Detroit Lions,30,38
2025-09-25,2025-09-26T00:15Z,Final,22,Arizona Cardinals,26,Seattle Seahawks,20,23
2025-09-28,2025-09-28T13:30Z,Final,23,Pittsburgh Steelers,16,Minnesota Vikings,24,21
2025-09-28,2025-09-28T17:00Z,Final,1,Atlanta Falcons,28,Washington Commanders,34,27
2025-09-28,2025-09-28T17:00Z,Final,2,Buffalo Bills,18,New Orleans Saints,31,19
2025-09-28,2025-09-28T17:00Z,Final,8,Detroit Lions,5,Cleveland Browns,34,10
2025-09-28,2025-09-28T17:00Z,Final,17,New England Patriots,29,Carolina Panthers,42,13
2025-09-28,2025-09-28T17:00Z,Final,19,New York Giants,24,Los Angeles Chargers,21,18
2025-09-28,2025-09-28T17:00Z,Final,27,Tampa Bay Buccaneers,21,Philadelphia Eagles,25,31
2025-09-28,2025-09-28T17:00Z,Final,34,Houston Texans,10,Tennessee Titans,26,0
2025-09-28,2025-09-28T20:05Z,Final,14,Los Angeles Rams,11,Indianapolis Colts,27,20
2025-09-28,2025-09-28T20:05Z,Final,25,San Francisco 49ers,30,Jacksonville Jaguars,21,26
2025-09-28,2025-09-28T20:25Z,Final,12,Kansas City Chiefs,33,Baltimore Ravens,37,20
2025-09-28,2025-09-28T20:25Z,Final,13,Las Vegas Raiders,3,Chicago Bears,24,25
2025-09-28,2025-09-29T00:20Z,Final,6,Dallas Cowboys,9,Green Bay Packers,40,40
2025-09-29,2025-09-29T23:15Z,Final,15,Miami Dolphins,20,New York Jets,27,21
2025-09-29,2025-09-30T00:15Z,Final,7,Denver Broncos,4,Cincinnati Bengals,28,3
2025-10-02,2025-10-03T00:15Z,Final,14,Los Angeles Rams,25,San Francisco 49ers,23,26
2025-10-05,2025-10-05T13:30Z,Final,5,Cleveland Browns,16,Minnesota Vikings,17,21
2025-10-05,2025-10-05T17:00Z,Final,11,Indianapolis Colts,13,Las Vegas Raiders,40,6
2025-10-05,2025-10-05T17:00Z,Final,18,New Orleans Saints,19,New York Giants,26,14
2025-10-05,2025-10-05T17:00Z,Final,20,New York Jets,6,Dallas Cowboys,22,37
2025-10-05,2025-10-05T17:00Z,Final,21,Philadelphia Eagles,7,Denver Broncos,17,21
2025-10-05,2025-10-05T17:00Z,Final,29,Carolina Panthers,15,Miami Dolphins,27,24
2025-10-05,2025-10-05T17:00Z,Final,33,Baltimore Ravens,34,Houston Texans,10,44
2025-10-05,2025-10-05T20:05Z,Final,22,Arizona Cardinals,10,Tennessee Titans,21,22
2025-10-05,2025-10-05T20:05Z,Final,26,Seattle Seahawks,27,Tampa Bay Buccaneers,35,38
2025-10-05,2025-10-05T20:25Z,Final,4,Cincinnati Bengals,8,Detroit Lions,24,37
2025-10-05,2025-10-05T20:25Z,Final,24,Los Angeles Chargers,28,Washington Commanders,10,27
2025-10-05,2025-10-06T00:20Z,Final,2,Buffalo Bills,17,New England Patriots,20,23
2025-10-06,2025-10-07T00:15Z,Final,30,Jacksonville Jaguars,12,Kansas City Chiefs,31,28
2025-10-09,2025-10-10T00:15Z,Final,19,New York Giants,21,Philadelphia Eagles,34,17
2025-10-12,2025-10-12T13:30Z,Final,20,New York Jets,7,Denver Broncos,11,13
2025-10-12,2025-10-12T17:00Z,Final,11,Indianapolis Colts,22,Arizona Cardinals,31,27
2025-10-12,2025-10-12T17:00Z,Final,15,Miami Dolphins,24,Los Angeles Chargers,27,29
2025-10-12,2025-10-12T17:00Z,Final,18,New Orleans Saints,17,New England Patriots,19,25
2025-10-12,2025-10-12T17:00Z,Final,23,Pittsburgh Steelers,5,Cleveland Browns,23,9
2025-10-12,2025-10-12T17:00Z,Final,29,Carolina Panthers,6,Dallas Cowboys,30,27
2025-10-12,2025-10-12T17:00Z,Final,30,Jacksonville Jaguars,26,Seattle Seahawks,12,20
2025-10-12,2025-10-12T17:00Z,Final,33,Baltimore Ravens,14,Los Angeles Rams,3,17
2025-10-12,2025-10-12T20:05Z,Final,13,Las Vegas Raiders,10,Tennessee Titans,20,10
2025-10-12,2025-10-12T20:25Z,Final,9,Green Bay Packers,4,Cincinnati Bengals,27,18
2025-10-12,2025-10-12T20:25Z,Final,27,Tampa Bay Buccaneers,25,San Francisco 49ers,30,19
2025-10-12,2025-10-13T00:20Z,Final,12,Kansas City Chiefs,8,Detroit Lions,30,17
2025-10-13,2025-10-13T23:15Z,Final,1,Atlanta Falcons,2,Buffalo Bills,24,14
2025-10-13,2025-10-14T00:15Z,Final,28,Washington Commanders,3,Chicago Bears,24,25
2025-10-16,2025-10-17T00:15Z,Final,4,Cincinnati Bengals,23,Pittsburgh Steelers,33,31
2025-10-19,2025-10-19T13:30Z,Final,30,Jacksonville Jaguars,14,Los Angeles Rams,7,35
2025-10-19,2025-10-19T17:00Z,Final,3,Chicago Bears,18,New Orleans Saints,26,14
2025-10-19,2025-10-19T17:00Z,Final,5,Cleveland Browns,15,Miami Dolphins,31,6
2025-10-19,2025-10-19T17:00Z,Final,10,Tennessee Titans,17,New England Patriots,13,31
2025-10-19,2025-10-19T17:00Z,Final,12,Kansas City Chiefs,13,Las Vegas Raiders,31,0
2025-10-19,2025-10-19T17:00Z,Final,16,Minnesota Vikings,21,Philadelphia Eagles,22,28
2025-10-19,2025-10-19T17:00Z,Final,20,New York Jets,29,Carolina Panthers,6,13
2025-10-19,2025-10-19T20:05Z,Final,7,Denver Broncos,19,New York Giants,33,32
2025-10-19,2025-10-19T20:05Z,Final,24,Los Angeles Chargers,11,Indianapolis Colts,24,38
2025-10-19,2025-10-19T20:25Z,Final,6,Dallas Cowboys,28,Washington Commanders,44,22
2025-10-19,2025-10-19T20:25Z,Final,22,Arizona Cardinals,9,Green Bay Packers,23,27
2025-10-19,2025-10-20T00:20Z,Final,25,San Francisco 49ers,1,Atlanta Falcons,20,10
2025-10-20,2025-10-20T23:00Z,Final,8,Detroit Lions,27,Tampa Bay Buccaneers,24,9
2025-10-20,2025-10-21T02:00Z,Final,26,Seattle Seahawks,34,Houston Texans,27,19
2025-10-23,2025-10-24T00:15Z,Final,24,Los Angeles Chargers,16,Minnesota Vikings,37,10
2025-10-26,2025-10-26T17:00Z,Final,1,Atlanta Falcons,15,Miami Dolphins,10,34
2025-10-26,2025-10-26T17:00Z,Final,4,Cincinnati Bengals,20,New York Jets,38,39
2025-10-26,2025-10-26T17:00Z,Final,17,New England Patriots,5,Cleveland Browns,32,13
2025-10-26,2025-10-26T17:00Z,Final,21,Philadelphia Eagles,19,New York Giants,38,20
2025-10-26,2025-10-26T17:00Z,Final,29,Carolina Panthers,2,Buffalo Bills,9,40
2025-10-26,2025-10-26T17:00Z,Final,33,Baltimore Ravens,3,Chicago Bears,30,16
2025-10-26,2025-10-26T17:00Z,Final,34,Houston Texans,25,San Francisco 49ers,26,15
2025-10-26,2025-10-26T20:05Z,Final,18,New Orleans Saints,27,Tampa Bay Buccaneers,3,23
2025-10-26,2025-10-26T20:25Z,Final,7,Denver Broncos,6,Dallas Cowboys,44,24
2025-10-26,2025-10-26T20:25Z,Final,11,Indianapolis Colts,10,Tennessee Titans,38,14
2025-10-26,2025-10-27T00:20Z,Final,23,Pittsburgh Steelers,9,Green Bay Packers,25,35
2025-10-27,2025-10-28T00:15Z,Final,12,Kansas City Chiefs,28,Washington Commanders,28,7
2025-10-30,2025-10-31T00:15Z,Final,15,Miami Dolphins,33,Baltimore Ravens,6,28
2025-11-02,2025-11-02T18:00Z,Final,4,Cincinnati Bengals,3,Chicago Bears,42,47
2025-11-02,2025-11-02T18:00Z,Final,8,Detroit Lions,16,Minnesota Vikings,24,27
2025-11-02,2025-11-02T18:00Z,Final,9,Green Bay Packers,29,Carolina Panthers,13,16
2025-11-02,2025-11-02T18:00Z,Final,10,Tennessee Titans,24,Los Angeles Chargers,20,27
2025-11-02,2025-11-02T18:00Z,Final,17,New England Patriots,1,Atlanta Falcons,24,23
2025-11-02,2025-11-02T18:00Z,Final,19,New York Giants,25,San Francisco 49ers,24,34
2025-11-02,2025-11-02T18:00Z,Final,23,Pittsburgh Steelers,11,Indianapolis Colts,27,20
2025-11-02,2025-11-02T18:00Z,Final,34,Houston Texans,7,Denver Broncos,15,18
2025-11-02,2025-11-02T21:05Z,Final,13,Las Vegas Raiders,30,Jacksonville Jaguars,29,30
2025-11-02,2025-11-02T21:05Z,Final,14,Los Angeles Rams,18,New Orleans Saints,34,10
2025-11-02,2025-11-02T21:25Z,Final,2,Buffalo Bills,12,Kansas City Chiefs,28,21
2025-11-02,2025-11-03T01:20Z,Final,28,Washington Commanders,26,Seattle Seahawks,14,38
2025-11-03,2025-11-04T01:15Z,Final,6,Dallas Cowboys,22,Arizona Cardinals,17,27
2025-11-06,2025-11-07T01:15Z,Final,7,Denver Broncos,13,Las Vegas Raiders,10,7
2025-11-09,2025-11-09T14:30Z,Final,11,Indianapolis Colts,1,Atlanta Falcons,31,25
2025-11-09,2025-11-09T18:00Z,Final,3,Chicago Bears,19,New York Giants,24,20
2025-11-09,2025-11-09T18:00Z,Final,15,Miami Dolphins,2,Buffalo Bills,30,13
2025-11-09,2025-11-09T18:00Z,Final,16,Minnesota Vikings,33,Baltimore Ravens,19,27
2025-11-09,2025-11-09T18:00Z,Final,20,New York Jets,5,Cleveland Browns,27,20
2025-11-09,2025-11-09T18:00Z,Final,27,Tampa Bay Buccaneers,17,New England Patriots,23,28
2025-11-09,2025-11-09T18:00Z,Final,29,Carolina Panthers,18,New Orleans Saints,7,17
2025-11-09,2025-11-09T18:00Z,Final,34,Houston Texans,30,Jacksonville Jaguars,36,29
2025-11-09,2025-11-09T21:05Z,Final,26,Seattle Seahawks,22,Arizona Cardinals,44,22
2025-11-09,2025-11-09T21:25Z,Final,25,San Francisco 49ers,14,Los Angeles Rams,26,42
2025-11-09,2025-11-09T21:25Z,Final,28,Washington Commanders,8,Detroit Lions,22,44
2025-11-09,2025-11-10T01:20Z,Final,24,Los Angeles Chargers,23,Pittsburgh Steelers,25,10
2025-11-10,2025-11-11T01:15Z,Final,9,Green Bay Packers,21,Philadelphia Eagles,7,10
2025-11-13,2025-11-14T01:15Z,Final,17,New England Patriots,20,New York Jets,27,14
2025-11-16,2025-11-16T14:30Z,Final,15,Miami Dolphins,28,Washington Commanders,16,13
2025-11-16,2025-11-16T18:00Z,Final,1,Atlanta Falcons,29,Carolina Panthers,27,30
2025-11-16,2025-11-16T18:00Z,Final,2,Buffalo Bills,27,Tampa Bay Buccaneers,44,32
2025-11-16,2025-11-16T18:00Z,Final,10,Tennessee Titans,34,Houston Texans,13,16
2025-11-16,2025-11-16T18:00Z,Final,16,Minnesota Vikings,3,Chicago Bears,17,19
2025-11-16,2025-11-16T18:00Z,Final,19,New York Giants,9,Green Bay Packers,20,27
2025-11-16,2025-11-16T18:00Z,Final,23,Pittsburgh Steelers,4,Cincinnati Bengals,34,12
2025-11-16,2025-11-16T18:00Z,Final,30,Jacksonville Jaguars,24,Los Angeles Chargers,35,6
2025-11-16,2025-11-16T21:05Z,Final,14,Los Angeles Rams,26,Seattle Seahawks,21,19
2025-11-16,2025-11-16T21:05Z,Final,22,Arizona Cardinals,25,San Francisco 49ers,22,41
2025-11-16,2025-11-16T21:25Z,Final,5,Cleveland Browns,33,Baltimore Ravens,16,23
2025-11-16,2025-11-16T21:25Z,Final,7,Denver Broncos,12,Kansas City Chiefs,22,19
2025-11-16,2025-11-17T01:20Z,Final,21,Philadelphia Eagles,8,Detroit Lions,16,9
2025-11-17,2025-11-18T01:15Z,Final,13,Las Vegas Raiders,6,Dallas Cowboys,16,33
2025-11-20,2025-11-21T01:15Z,Final,34,Houston Texans,2,Buffalo Bills,23,19
2025-11-23,2025-11-23T18:00Z,Final,3,Chicago Bears,23,Pittsburgh Steelers,31,28
2025-11-23,2025-11-23T18:00Z,Final,4,Cincinnati Bengals,17,New England Patriots,20,26
2025-11-23,2025-11-23T18:00Z,Final,8,Detroit Lions,19,New York Giants,34,27
2025-11-23,2025-11-23T18:00Z,Final,9,Green Bay Packers,16,Minnesota Vikings,23,6
2025-11-23,2025-11-23T18:00Z,Final,10,Tennessee Titans,26,Seattle Seahawks,24,30
2025-11-23,2025-11-23T18:00Z,Final,12,Kansas City Chiefs,11,Indianapolis Colts,23,20
2025-11-23,2025-11-23T18:00Z,Final,33,Baltimore Ravens,20,New York Jets,23,10
2025-11-23,2025-11-23T21:05Z,Final,13,Las Vegas Raiders,5,Cleveland Browns,10,24
2025-11-23,2025-11-23T21:05Z,Final,22,Arizona Cardinals,30,Jacksonville Jaguars,24,27
2025-11-23,2025-11-23T21:25Z,Final,6,Dallas Cowboys,21,Philadelphia Eagles,24,21
2025-11-23,2025-11-23T21:25Z,Final,18,New Orleans Saints,1,Atlanta Falcons,10,24
2025-11-23,2025-11-24T01:20Z,Final,14,Los Angeles Rams,27,Tampa Bay Buccaneers,34,7
2025-11-24,2025-11-25T01:15Z,Final,25,San Francisco 49ers,29,Carolina Panthers,20,9
2025-11-27,2025-11-27T18:00Z,Final,8,Detroit Lions,9,Green Bay Packers,24,31
2025-11-27,2025-11-27T21:30Z,Final,6,Dallas Cowboys,12,Kansas City Chiefs,31,28
2025-11-27,2025-11-28T01:20Z,Final,33,Baltimore Ravens,4,Cincinnati Bengals,14,32
2025-11-28,2025-11-28T20:00Z,Final,21,Philadelphia Eagles,3,Chicago Bears,15,24
2025-11-30,2025-11-30T18:00Z,Final,5,Cleveland Browns,25,San Francisco 49ers,8,26
2025-11-30,2025-11-30T18:00Z,Final,10,Tennessee Titans,30,Jacksonville Jaguars,3,25
2025-11-30,2025-11-30T18:00Z,Final,11,Indianapolis Colts,34,Houston Texans,16,20
2025-11-30,2025-11-30T18:00Z,Final,15,Miami Dolphins,18,New Orleans Saints,21,17
2025-11-30,2025-11-30T18:00Z,Final,20,New York Jets,1,Atlanta Falcons,27,24
2025-11-30,2025-11-30T18:00Z,Final,27,Tampa Bay Buccaneers,22,Arizona Cardinals,20,17
2025-11-30,2025-11-30T18:00Z,Final,29,Carolina Panthers,14,Los Angeles Rams,31,28
2025-11-30,2025-11-30T21:05Z,Final,26,Seattle Seahawks,16,Minnesota Vikings,26,0
2025-11-30,2025-11-30T21:25Z,Final,23,Pittsburgh Steelers,2,Buffalo Bills,7,26
2025-11-30,2025-11-30T21:25Z,Final,24,Los Angeles Chargers,13,Las Vegas Raiders,31,14
2025-11-30,2025-12-01T01:20Z,Final,28,Washington Commanders,7,Denver Broncos,26,27
2025-12-01,2025-12-02T01:15Z,Final,17,New England Patriots,19,New York Giants,33,15
2025-12-04,2025-12-05T01:15Z,Final,8,Detroit Lions,6,Dallas Cowboys,44,30
2025-12-07,2025-12-07T18:00Z,Final,1,Atlanta Falcons,26,Seattle Seahawks,9,37
2025-12-07,2025-12-07T18:00Z,Final,2,Buffalo Bills,4,Cincinnati Bengals,39,34
2025-12-07,2025-12-07T18:00Z,Final,5,Cleveland Browns,10,Tennessee Titans,29,31
2025-12-07,2025-12-07T18:00Z,Final,16,Minnesota Vikings,28,Washington Commanders,31,0
2025-12-07,2025-12-07T18:00Z,Final,20,New York Jets,15,Miami Dolphins,10,34
2025-12-07,2025-12-07T18:00Z,Final,27,Tampa Bay Buccaneers,18,New Orleans Saints,20,24
2025-12-07,2025-12-07T18:00Z,Final,30,Jacksonville Jaguars,11,Indianapolis Colts,36,19
2025-12-07,2025-12-07T18:00Z,Final,33,Baltimore Ravens,23,Pittsburgh Steelers,22,27
2025-12-07,2025-12-07T21:05Z,Final,13,Las Vegas Raiders,7,Denver Broncos,17,24
2025-12-07,2025-12-07T21:25Z,Final,9,Green Bay Packers,3,Chicago Bears,28,21
2025-12-07,2025-12-07T21:25Z,Final,22,Arizona Cardinals,14,Los Angeles Rams,17,45
2025-12-07,2025-12-08T01:20Z,Final,12,Kansas City Chiefs,34,Houston Texans,10,20
2025-12-08,2025-12-09T01:15Z,Final,24,Los Angeles Chargers,21,Philadelphia Eagles,22,19
2025-12-11,2025-12-12T01:15Z,Final,27,Tampa Bay Buccaneers,1,Atlanta Falcons,28,29
2025-12-14,2025-12-14T18:00Z,Final,3,Chicago Bears,5,Cleveland Browns,31,3
2025-12-14,2025-12-14T18:00Z,Final,4,Cincinnati Bengals,33,Baltimore Ravens,0,24
2025-12-14,2025-12-14T18:00Z,Final,12,Kansas City Chiefs,24,Los Angeles Chargers,13,16
2025-12-14,2025-12-14T18:00Z,Final,17,New England Patriots,2,Buffalo Bills,31,35
2025-12-14,2025-12-14T18:00Z,Final,19,New York Giants,28,Washington Commanders,21,29
2025-12-14,2025-12-14T18:00Z,Final,21,Philadelphia Eagles,13,Las Vegas Raiders,31,0
2025-12-14,2025-12-14T18:00Z,Final,30,Jacksonville Jaguars,20,New York Jets,48,20
2025-12-14,2025-12-14T18:00Z,Final,34,Houston Texans,22,Arizona Cardinals,40,20
2025-12-14,2025-12-14T21:25Z,Final,7,Denver Broncos,9,Green Bay Packers,34,26
2025-12-14,2025-12-14T21:25Z,Final,14,Los Angeles Rams,8,Detroit Lions,41,34
2025-12-14,2025-12-14T21:25Z,Final,18,New Orleans Saints,29,Carolina Panthers,20,17
2025-12-14,2025-12-14T21:25Z,Final,25,San Francisco 49ers,10,Tennessee Titans,37,24
2025-12-14,2025-12-14T21:25Z,Final,26,Seattle Seahawks,11,Indianapolis Colts,18,16
2025-12-14,2025-12-15T01:20Z,Final,6,Dallas Cowboys,16,Minnesota Vikings,26,34
2025-12-15,2025-12-16T01:15Z,Final,23,Pittsburgh Steelers,15,Miami Dolphins,28,15
2025-12-18,2025-12-19T01:15Z,Final,26,Seattle Seahawks,14,Los Angeles Rams,38,37
2025-12-20,2025-12-20T22:00Z,Final,28,Washington Commanders,21,Philadelphia Eagles,18,29
2025-12-20,2025-12-21T01:20Z,Final,3,Chicago Bears,9,Green Bay Packers,22,16
2025-12-21,2025-12-21T18:00Z,Final,5,Cleveland Browns,2,Buffalo Bills,20,23
2025-12-21,2025-12-21T18:00Z,Final,6,Dallas Cowboys,24,Los Angeles Chargers,17,34
2025-12-21,2025-12-21T18:00Z,Final,10,Tennessee Titans,12,Kansas City Chiefs,26,9
2025-12-21,2025-12-21T18:00Z,Final,15,Miami Dolphins,4,Cincinnati Bengals,21,45
2025-12-21,2025-12-21T18:00Z,Final,18,New Orleans Saints,20,New York Jets,29,6
2025-12-21,2025-12-21T18:00Z,Final,19,New York Giants,16,Minnesota Vikings,13,16
2025-12-21,2025-12-21T18:00Z,Final,29,Carolina Panthers,27,Tampa Bay Buccaneers,23,20
2025-12-21,2025-12-21T21:05Z,Final,7,Denver Broncos,30,Jacksonville Jaguars,20,34
2025-12-21,2025-12-21T21:05Z,Final,22,Arizona Cardinals,1,Atlanta Falcons,19,26
2025-12-21,2025-12-21T21:25Z,Final,8,Detroit Lions,23,Pittsburgh Steelers,24,29
2025-12-21,2025-12-21T21:25Z,Final,34,Houston Texans,13,Las Vegas Raiders,23,21
2025-12-21,2025-12-22T01:20Z,Final,33,Baltimore Ravens,17,New England Patriots,24,28
2025-12-22,2025-12-23T01:15Z,Final,11,Indianapolis Colts,25,San Francisco 49ers,27,48
2025-12-25,2025-12-25T18:00Z,Final,28,Washington Commanders,6,Dallas Cowboys,23,30
2025-12-25,2025-12-25T21:30Z,Final,16,Minnesota Vikings,8,Detroit Lions,23,10
2025-12-25,2025-12-26T01:15Z,Final,12,Kansas City Chiefs,7,Denver Broncos,13,20
2025-12-27,2025-12-27T21:30Z,Final,24,Los Angeles Chargers,34,Houston Texans,16,20
2025-12-27,2025-12-28T01:00Z,Final,9,Green Bay Packers,33,Baltimore Ravens,24,41
2025-12-28,2025-12-28T18:00Z,Final,4,Cincinnati Bengals,22,Arizona Cardinals,37,14
2025-12-28,2025-12-28T18:00Z,Final,5,Cleveland Browns,23,Pittsburgh Steelers,13,6
2025-12-28,2025-12-28T18:00Z,Final,10,Tennessee Titans,18,New Orleans Saints,26,34
2025-12-28,2025-12-28T18:00Z,Final,11,Indianapolis Colts,30,Jacksonville Jaguars,17,23
2025-12-28,2025-12-28T18:00Z,Final,15,Miami Dolphins,27,Tampa Bay Buccaneers,20,17
2025-12-28,2025-12-28T18:00Z,Final,20,New York Jets,17,New England Patriots,10,42
2025-12-28,2025-12-28T18:00Z,Final,29,Carolina Panthers,26,Seattle Seahawks,10,27
2025-12-28,2025-12-28T21:05Z,Final,13,Las Vegas Raiders,19,New York Giants,10,34
2025-12-28,2025-12-28T21:25Z,Final,2,Buffalo Bills,21,Philadelphia Eagles,12,13
2025-12-28,2025-12-29T01:20Z,Final,25,San Francisco 49ers,3,Chicago Bears,42,38
2025-12-29,2025-12-30T01:15Z,Final,1,Atlanta Falcons,14,Los Angeles Rams,27,24
2026-01-03,2026-01-03T21:30Z,Final,27,Tampa Bay Buccaneers,29,Carolina Panthers,16,14
2026-01-03,2026-01-04T01:00Z,Final,25,San Francisco 49ers,26,Seattle Seahawks,3,13
2026-01-04,2026-01-04T18:00Z,Final,1,Atlanta Falcons,18,New Orleans Saints,19,17
2026-01-04,2026-01-04T18:00Z,Final,4,Cincinnati Bengals,5,Cleveland Browns,18,20
2026-01-04,2026-01-04T18:00Z,Final,16,Minnesota Vikings,9,Green Bay Packers,16,3
2026-01-04,2026-01-04T18:00Z,Final,19,New York Giants,6,Dallas Cowboys,34,17
2026-01-04,2026-01-04T18:00Z,Final,30,Jacksonville Jaguars,10,Tennessee Titans,41,7
2026-01-04,2026-01-04T18:00Z,Final,34,Houston Texans,11,Indianapolis Colts,38,30
2026-01-04,2026-01-04T21:25Z,Final,2,Buffalo Bills,20,New York Jets,35,8
2026-01-04,2026-01-04T21:25Z,Final,3,Chicago Bears,8,Detroit Lions,16,19
2026-01-04,2026-01-04T21:25Z,Final,7,Denver Broncos,24,Los Angeles Chargers,19,3
2026-01-04,2026-01-04T21:25Z,Final,13,Las Vegas Raiders,12,Kansas City Chiefs,14,12
2026-01-04,2026-01-04T21:25Z,Final,14,Los Angeles Rams,22,Arizona Cardinals,37,20
2026-01-04,2026-01-04T21:25Z,Final,17,New England Patriots,15,Miami Dolphins,38,10
2026-01-04,2026-01-04T21:25Z,Final,21,Philadelphia Eagles,28,Washington Commanders,17,24
2026-01-04,2026-01-05T01:20Z,Final,23,Pittsburgh Steelers,33,Baltimore Ravens,26,24
2026-01-10,2026-01-10T21:30Z,Final,29,Carolina Panthers,14,Los Angeles Rams,31,34
2026-01-10,2026-01-11T01:00Z,Final,3,Chicago Bears,9,Green Bay Packers,31,27
2026-01-11,2026-01-11T18:00Z,Final,30,Jacksonville Jaguars,2,Buffalo Bills,24,27
2026-01-11,2026-01-11T21:30Z,Final,21,Philadelphia Eagles,25,San Francisco 49ers,19,23
2026-01-11,2026-01-12T01:15Z,Final,17,New England Patriots,24,Los Angeles Chargers,16,3
2026-01-12,2026-01-13T01:15Z,Final,23,Pittsburgh Steelers,34,Houston Texans,6,30
2026-01-17,2026-01-17T21:30Z,Final,7,Denver Broncos,2,Buffalo Bills,33,30
2026-01-17,2026-01-18T01:00Z,Final,26,Seattle Seahawks,25,San Francisco 49ers,41,6
2026-01-18,2026-01-18T20:00Z,Final,17,New England Patriots,34,Houston Texans,28,16
2026-01-18,2026-01-18T23:30Z,Final,3,Chicago Bears,14,Los Angeles Rams,17,20
2026-01-25,2026-01-25T20:00Z,Final,7,Denver Broncos,17,New England Patriots,7,10
2026-01-25,2026-01-25T23:30Z,Final,26,Seattle Seahawks,14,Los Angeles Rams,31,27
2026-02-03,2026-02-04T01:00Z,Final,31,AFC,32,NFC,52,66
2026-02-08,2026-02-08T23:30Z,Final,17,New England Patriots,26,Seattle Seahawks,13,29
2026-09-09,2026-09-10T00:20Z,Final,26,Seattle Seahawks,17,New England Patriots,13,10
2026-09-10,2026-09-11T00:35Z,Final,14,Los Angeles Rams,25,San Francisco 49ers,7,27
2026-09-13,2026-09-13T17:00Z,Final,4,Cincinnati Bengals,27,Tampa Bay Buccaneers,33,27
2026-09-13,2026-09-13T17:00Z,Final,8,Detroit Lions,18,New Orleans Saints,31,30
2026-09-13,2026-09-13T17:00Z,Final,10,Tennessee Titans,20,New York Jets,10,23
2026-09-13,2026-09-13T17:00Z,Final,11,Indianapolis Colts,33,Baltimore Ravens,23,41
2026-09-13,2026-09-13T17:00Z,Final,23,Pittsburgh Steelers,1,Atlanta Falcons,20,13
2026-09-13,2026-09-13T17:00Z,Final,29,Carolina Panthers,3,Chicago Bears,37,59
2026-09-13,2026-09-13T17:00Z,Final,30,Jacksonville Jaguars,5,Cleveland Browns,34,10
2026-09-13,2026-09-13T17:00Z,Final,34,Houston Texans,2,Buffalo Bills,31,36
2026-09-13,2026-09-13T20:25Z,Final,13,Las Vegas Raiders,15,Miami Dolphins,27,13
2026-09-13,2026-09-13T20:25Z,Final,16,Minnesota Vikings,9,Green Bay Packers,39,22
2026-09-13,2026-09-13T20:25Z,Final,21,Philadelphia Eagles,28,Washington Commanders,24,22
2026-09-13,2026-09-13T20:25Z,Final,24,Los Angeles Chargers,22,Arizona Cardinals,14,26
2026-09-13,2026-09-14T00:20Z,Final,19,New York Giants,6,Dallas Cowboys,28,20
2026-09-14,2026-09-15T00:15Z,Final,12,Kansas City Chiefs,7,Denver Broncos,31,10
2026-09-17,2026-09-18T00:15Z,Final,2,Buffalo Bills,8,Detroit Lions,41,31
2026-09-20,2026-09-20T17:00Z,Final,1,Atlanta Falcons,29,Carolina Panthers,3,34
2026-09-20,2026-09-20T17:00Z,Final,3,Chicago Bears,16,Minnesota Vikings,3,9
2026-09-20,2026-09-20T17:00Z,Final,10,Tennessee Titans,21,Philadelphia Eagles,20,24
2026-09-20,2026-09-20T17:00Z,Final,17,New England Patriots,23,Pittsburgh Steelers,20,3
2026-09-20,2026-09-20T17:00Z,Final,20,New York Jets,9,Green Bay Packers,17,20
2026-09-20,2026-09-20T17:00Z,Final,27,Tampa Bay Buccaneers,5,Cleveland Browns,19,23
2026-09-20,2026-09-20T17:00Z,Final,33,Baltimore Ravens,18,New Orleans Saints,17,24
2026-09-20,2026-09-20T17:00Z,Final,34,Houston Texans,4,Cincinnati Bengals,6,20
2026-09-20,2026-09-20T20:05Z,Final,7,Denver Broncos,30,Jacksonville Jaguars,20,13
2026-09-20,2026-09-20T20:05Z,Final,24,Los Angeles Chargers,13,Las Vegas Raiders,14,26
2026-09-20,2026-09-20T20:25Z,Final,6,Dallas Cowboys,28,Washington Commanders,37,20
2026-09-20,2026-09-20T20:25Z,Final,22,Arizona Cardinals,26,Seattle Seahawks,7,31
2026-09-20,2026-09-20T20:25Z,Final,25,San Francisco 49ers,15,Miami Dolphins,35,13
2026-09-20,2026-09-21T00:20Z,Final,12,Kansas City Chiefs,11,Indianapolis Colts,33,30
2026-09-21,2026-09-22T00:15Z,Final,14,Los Angeles Rams,19,New York Giants,28,6
